Year,Destination,Jan - Residence,Feb - Residence,Mar - Residence,Apr - Residence,May - Residence,Jun - Residence,Jul - Residence,Aug - Residence,Sep - Residence,Oct - Residence,Nov - Residence,Dec - Residence,Jan - Nationality,Feb - Nationality,Mar - Nationality,Apr - Nationality,May - Nationality,Jun - Nationality,Jul - Nationality,Aug - Nationality,Sep - Nationality,Oct - Nationality,Nov - Nationality,Dec - Nationality
2000,Australia,32256,21608,28040,15584,21140,15989,14708,15479,16504,26430,11972,17065,0,0,0,0,0,0,0,0,0,0,0,0
2000,New Zealand,2335,1913,2303,1600,1550,1554,2318,993,1275,1474,947,1089,0,0,0,0,0,0,0,0,0,0,0,0
2000,Japan,45544,38234,50594,42763,50491,29680,38668,34413,34745,36215,28075,26559,0,0,0,0,0,0,0,0,0,0,0,0
2000,China,44002,69284,50250,64306,64891,48265,42641,24173,18292,31040,16600,27846,0,0,0,0,0,0,0,0,0,0,0,0
2000,Chinese Taipei,17315,23982,17529,18608,18468,22716,25178,19904,15959,12596,10852,9909,0,0,0,0,0,0,0,0,0,0,0,0
2000,Korea (ROK),7734,5701,6264,7409,6764,6914,6672,5576,3120,5020,3020,8249,0,0,0,0,0,0,0,0,0,0,0,0
2000,UK,22116,27336,29135,26384,22741,23051,24920,16641,11533,14126,9600,10174,0,0,0,0,0,0,0,0,0,0,0,0
2000,Sweden,7703,7045,7707,3169,3087,2596,2709,1799,1353,3656,4161,3754,0,0,0,0,0,0,0,0,0,0,0,0
2000,Finland,4002,3402,3417,1320,929,710,577,678,682,2977,1850,2123,0,0,0,0,0,0,0,0,0,0,0,0
2000,Norway,1851,1970,2184,1041,982,789,1184,1032,858,2221,938,816,0,0,0,0,0,0,0,0,0,0,0,0
2000,Denmark,924,1248,1123,646,866,660,985,841,523,960,836,987,0,0,0,0,0,0,0,0,0,0,0,0
2000,Singapore,307954,361806,311751,518348,452703,549672,353526,439151,481589,548748,468517,626435,0,0,0,0,0,0,0,0,0,0,0,0
2000,Thailand,67657,60170,72822,58494,89109,83198,81948,66725,55243,116157,98702,89990,0,0,0,0,0,0,0,0,0,0,0,0
2000,Indonesia,49136,34389,24745,36478,48417,52373,80752,27315,38117,44596,43063,65670,0,0,0,0,0,0,0,0,0,0,0,0
2000,Brunei Darussalam,15305,21781,8903,21468,12570,20074,23400,10686,11324,19569,10645,19334,0,0,0,0,0,0,0,0,0,0,0,0
2000,Philippines,5458,7247,4925,7556,7439,8786,6963,5944,6174,6422,6724,8289,0,0,0,0,0,0,0,0,0,0,0,0
2000,Vietnam,248,524,433,881,1272,1198,1174,1040,313,294,216,376,0,0,0,0,0,0,0,0,0,0,0,0
2000,South Africa,2307,1475,2143,578,914,316,1124,485,452,605,315,826,0,0,0,0,0,0,0,0,0,0,0,0
2000,India,16993,12219,12843,11877,9326,11816,10950,7005,10711,10659,6388,11340,0,0,0,0,0,0,0,0,0,0,0,0
2000,Iran,650,785,731,310,423,281,162,225,280,174,206,287,0,0,0,0,0,0,0,0,0,0,0,0
2000,Italy,5869,4652,4903,3167,1711,1427,1124,3741,1596,3872,1362,1124,0,0,0,0,0,0,0,0,0,0,0,0
2000,Russian Federation,1212,476,600,572,487,189,175,413,271,582,398,424,0,0,0,0,0,0,0,0,0,0,0,0
2000,USA,15573,15174,21094,15047,16666,17224,19942,11416,10954,18122,10616,12272,0,0,0,0,0,0,0,0,0,0,0,0
2000,Canada,6374,6614,7745,4137,4710,4041,3545,5046,2888,3145,3853,3701,0,0,0,0,0,0,0,0,0,0,0,0
2000,Saudi Arabia,1227,829,2284,582,736,1509,8610,7552,2439,1220,465,355,0,0,0,0,0,0,0,0,0,0,0,0
2000,Turkey,1112,1158,1279,773,623,338,395,605,365,1132,484,441,0,0,0,0,0,0,0,0,0,0,0,0
2000,UAE,219,205,189,60,88,165,524,694,171,14,7,55,0,0,0,0,0,0,0,0,0,0,0,0
2000,Germany,7752,9182,11267,7902,9441,6172,6957,3172,3140,3975,2847,2749,0,0,0,0,0,0,0,0,0,0,0,0
2000,France,4588,4347,4919,1910,2589,1549,2028,3013,1311,2321,1481,1729,0,0,0,0,0,0,0,0,0,0,0,0
2000,Netherlands,3696,3982,4389,1435,2419,2191,2887,3520,2025,3345,2746,2765,0,0,0,0,0,0,0,0,0,0,0,0
2000,Switzerland,1194,1335,1444,662,911,645,656,721,404,883,458,900,0,0,0,0,0,0,0,0,0,0,0,0
2001,Australia,30666,19892,20381,27422,15880,20288,18529,20577,15048,14521,7911,11225,0,0,0,0,0,0,0,0,0,0,0,0
2001,New Zealand,1528,2121,2621,3909,2604,3450,3401,2459,2842,2217,1116,1625,0,0,0,0,0,0,0,0,0,0,0,0
2001,China,50270,59257,54354,65728,56745,47544,59249,74402,29362,35048,23668,42230,0,0,0,0,0,0,0,0,0,0,0,0
2001,Japan,46448,43542,44826,39721,28662,33003,43246,47518,26352,13310,15742,15269,0,0,0,0,0,0,0,0,0,0,0,0
2001,Chinese Taipei,15969,22687,21331,31176,26645,27449,25012,32391,14409,11918,7888,12936,0,0,0,0,0,0,0,0,0,0,0,0
2001,Korea (ROK),5168,7761,5964,7664,5034,5678,7455,7730,3725,3068,3124,3972,0,0,0,0,0,0,0,0,0,0,0,0
2001,UK,21922,27984,32491,36678,17340,19891,23778,22908,17948,15184,10696,15603,0,0,0,0,0,0,0,0,0,0,0,0
2001,Sweden,4841,5098,5190,4970,2323,2364,2693,1630,1463,1470,1190,1821,0,0,0,0,0,0,0,0,0,0,0,0
2001,Finland,1933,1896,2424,1656,1131,1256,1143,899,756,664,583,943,0,0,0,0,0,0,0,0,0,0,0,0
2001,Denmark,1786,2350,2541,2652,1729,1795,1905,1478,1120,1191,711,512,0,0,0,0,0,0,0,0,0,0,0,0
2001,Norway,1031,1497,1653,2024,943,910,1253,925,684,644,414,552,0,0,0,0,0,0,0,0,0,0,0,0
2001,Singapore,575517,571817,818897,700911,539449,744103,558337,549786,563149,292768,432336,604524,0,0,0,0,0,0,0,0,0,0,0,0
2001,Thailand,72330,77257,88203,135709,99656,113350,117926,111067,52903,44584,62774,43038,0,0,0,0,0,0,0,0,0,0,0,0
2001,Indonesia,67318,51937,58626,61230,59180,84642,83855,71777,63099,49763,44631,81391,0,0,0,0,0,0,0,0,0,0,0,0
2001,Brunei Darussalam,19171,24267,24310,37419,28177,28003,21335,32873,22438,20634,22981,27921,0,0,0,0,0,0,0,0,0,0,0,0
2001,Philippines,9440,10603,13376,14935,12207,11636,9778,9525,8159,6599,6751,9419,0,0,0,0,0,0,0,0,0,0,0,0
2001,Vietnam,1144,1309,1724,2476,1358,1666,1765,1787,2760,951,602,1187,0,0,0,0,0,0,0,0,0,0,0,0
2001,South Africa,1454,1558,2206,3645,1872,1668,2309,1437,1260,1357,764,1236,0,0,0,0,0,0,0,0,0,0,0,0
2001,India,17426,9091,9893,12736,14308,16305,14172,16028,10819,6441,5868,10426,0,0,0,0,0,0,0,0,0,0,0,0
2001,Iran,779,1601,4072,2102,912,1292,982,928,857,651,388,451,0,0,0,0,0,0,0,0,0,0,0,0
2001,Italy,1226,2154,2955,2455,694,1488,1362,4520,1453,991,553,785,0,0,0,0,0,0,0,0,0,0,0,0
2001,Russian Federation,550,450,430,455,388,290,199,351,265,284,335,279,0,0,0,0,0,0,0,0,0,0,0,0
2001,USA,15662,15749,15848,17202,11902,14997,19483,11140,6699,5640,5000,6505,0,0,0,0,0,0,0,0,0,0,0,0
2001,Canada,3589,4491,4619,5052,3711,3442,3115,3387,1847,1899,1412,2371,0,0,0,0,0,0,0,0,0,0,0,0
2001,Saudi Arabia,859,1243,2192,1603,1250,3164,11873,12827,2413,933,578,1022,0,0,0,0,0,0,0,0,0,0,0,0
2001,Turkey,481,995,1106,648,439,640,350,349,435,302,239,408,0,0,0,0,0,0,0,0,0,0,0,0
2001,UAE,321,658,980,1055,468,916,3125,4161,987,359,240,492,0,0,0,0,0,0,0,0,0,0,0,0
2001,Germany,3886,7799,9803,10476,5379,5459,6665,5076,4697,4449,3257,3455,0,0,0,0,0,0,0,0,0,0,0,0
2001,Netherlands,3119,4741,5959,5553,3695,4790,5166,6543,4800,3504,1923,2241,0,0,0,0,0,0,0,0,0,0,0,0
2001,France,1982,3778,3871,4617,2770,2572,2778,4106,2082,1812,1144,1410,0,0,0,0,0,0,0,0,0,0,0,0
2001,Switzerland,1409,2327,2978,2983,1687,1545,1415,1693,1147,1172,878,1195,0,0,0,0,0,0,0,0,0,0,0,0
2002,Australia,17523,11786,18436,21310,13355,14624,19249,14228,15768,21397,14633,11485,0,0,0,0,0,0,0,0,0,0,0,0
2002,New Zealand,2107,1280,2758,2354,2365,2194,2404,1810,2271,2421,1751,1442,0,0,0,0,0,0,0,0,0,0,0,0
2002,China,38414,70514,45822,82315,82893,45658,59034,72092,36308,51240,44562,45204,0,0,0,0,0,0,0,0,0,0,0,0
2002,Japan,21751,21826,38574,29650,31179,22724,34747,45482,27423,30980,29647,20580,0,0,0,0,0,0,0,0,0,0,0,0
2002,Chinese Taipei,16177,19102,16030,21659,26595,16205,20240,19586,13472,15989,11772,12879,0,0,0,0,0,0,0,0,0,0,0,0
2002,Korea (ROK),6205,4693,6962,6187,6064,4005,5452,7908,3627,5156,4518,3524,0,0,0,0,0,0,0,0,0,0,0,0
2002,UK,20072,18921,26891,33888,15913,16119,17687,21316,16560,18879,17850,15198,0,0,0,0,0,0,0,0,0,0,0,0
2002,Sweden,3289,2801,4129,3903,1667,1502,2204,1414,1169,2048,2687,2231,0,0,0,0,0,0,0,0,0,0,0,0
2002,Norway,1720,822,1514,1529,563,650,1248,745,574,825,798,601,0,0,0,0,0,0,0,0,0,0,0,0
2002,Denmark,1130,1268,2357,1974,1193,1179,1721,1275,987,1632,1547,1034,0,0,0,0,0,0,0,0,0,0,0,0
2002,Finland,1042,1285,2162,1179,842,760,744,663,709,1139,1294,1089,0,0,0,0,0,0,0,0,0,0,0,0
2002,Singapore,481883,564106,757291,563209,631528,846624,590731,611051,626029,514586,587636,773087,0,0,0,0,0,0,0,0,0,0,0,0
2002,Indonesia,54553,50926,61164,62938,73557,72755,84162,70145,49404,55705,52087,81732,0,0,0,0,0,0,0,0,0,0,0,0
2002,Thailand,53441,73746,74985,126866,113977,99948,119661,102863,97145,99175,95737,109672,0,0,0,0,0,0,0,0,0,0,0,0
2002,Brunei Darussalam,12347,21689,22216,25430,20343,21861,17451,23706,18410,19505,20031,33963,0,0,0,0,0,0,0,0,0,0,0,0
2002,Philippines,6515,7378,12685,8115,9070,8563,8488,9238,8116,10372,9509,9478,0,0,0,0,0,0,0,0,0,0,0,0
2002,Vietnam,1095,1541,1617,1566,1706,1755,2244,2094,1671,2179,1746,1944,0,0,0,0,0,0,0,0,0,0,0,0
2002,Cambodia,494,512,612,873,417,529,600,686,685,748,814,735,0,0,0,0,0,0,0,0,0,0,0,0
2002,South Africa,1476,1043,1591,1102,827,799,1419,882,743,1594,1159,1085,0,0,0,0,0,0,0,0,0,0,0,0
2002,India,9415,8939,15262,16577,21383,19072,16903,18537,11186,15954,16415,13717,0,0,0,0,0,0,0,0,0,0,0,0
2002,Iran,617,391,1471,781,564,505,738,781,1092,1140,705,629,0,0,0,0,0,0,0,0,0,0,0,0
2002,Poland,3089,2864,7900,2992,4663,5329,4434,4661,4123,8609,8539,5590,0,0,0,0,0,0,0,0,0,0,0,0
2002,Italy,1123,1020,1752,1066,1062,943,1306,3411,1477,1494,1216,935,0,0,0,0,0,0,0,0,0,0,0,0
2002,Russian Federation,1008,454,459,564,398,208,285,372,217,421,405,276,0,0,0,0,0,0,0,0,0,0,0,0
2002,USA,8296,8444,13871,12850,9775,10588,11391,11017,8420,12690,11832,8746,0,0,0,0,0,0,0,0,0,0,0,0
2002,Canada,2785,2900,3901,3949,2478,2262,2934,3059,2083,2965,3337,2343,0,0,0,0,0,0,0,0,0,0,0,0
2002,Saudi Arabia,1213,1448,1817,1591,1844,3221,13935,11050,4632,2117,905,1534,0,0,0,0,0,0,0,0,0,0,0,0
2002,UAE,735,631,646,784,536,735,3183,4605,842,594,275,558,0,0,0,0,0,0,0,0,0,0,0,0
2002,Turkey,365,438,559,426,387,459,472,683,402,666,543,342,0,0,0,0,0,0,0,0,0,0,0,0
2002,Germany,3881,4384,7992,6929,3669,3008,3894,4355,3880,4938,4825,2890,0,0,0,0,0,0,0,0,0,0,0,0
2002,Netherlands,3064,2990,4333,2568,3079,2497,4129,4363,3154,3868,3269,1989,0,0,0,0,0,0,0,0,0,0,0,0
2002,France,1959,2282,3390,2259,2025,1758,2454,3462,1827,2472,2067,1479,0,0,0,0,0,0,0,0,0,0,0,0
2002,Switzerland,1599,1359,1992,1342,1166,879,1221,1386,976,1395,1391,908,0,0,0,0,0,0,0,0,0,0,0,0
2003,Australia,15960,13093,11022,7923,7523,7398,8853,6801,16415,18128,15151,16240,0,0,0,0,0,0,0,0,0,0,0,0
2003,New Zealand,1925,1654,1482,1118,1068,1137,1335,1104,2649,2095,1603,1812,0,0,0,0,0,0,0,0,0,0,0,0
2003,China,34695,76621,42395,19579,6016,12449,18604,30322,34333,42711,50396,54503,0,0,0,0,0,0,0,0,0,0,0,0
2003,Japan,27659,28328,21613,8706,7242,7938,9349,11718,25311,19699,20709,25255,0,0,0,0,0,0,0,0,0,0,0,0
2003,Chinese Taipei,14934,20444,12342,4389,2531,3246,7090,7719,16887,15308,15560,16969,0,0,0,0,0,0,0,0,0,0,0,0
2003,Korea (ROK),4450,5361,4416,1816,1852,2200,2519,4429,4022,4297,6006,4878,0,0,0,0,0,0,0,0,0,0,0,0
2003,UK,10800,13139,10824,8819,6269,5658,5051,8175,11167,14282,15917,15468,0,0,0,0,0,0,0,0,0,0,0,0
2003,Sweden,3861,3636,2798,1492,981,1056,1107,929,1128,1536,2137,2899,0,0,0,0,0,0,0,0,0,0,0,0
2003,Denmark,2033,2123,1292,733,681,737,887,794,903,969,990,1292,0,0,0,0,0,0,0,0,0,0,0,0
2003,Finland,1636,1534,1385,623,397,464,458,507,660,921,1151,1305,0,0,0,0,0,0,0,0,0,0,0,0
2003,Norway,917,1132,872,481,374,379,597,361,544,652,678,869,0,0,0,0,0,0,0,0,0,0,0,0
2003,Singapore,596093,471903,383903,205065,322317,464975,465070,499044,550493,531479,651489,780475,0,0,0,0,0,0,0,0,0,0,0,0
2003,Thailand,80371,87891,92078,77199,74911,87195,88744,109884,97238,121538,109123,126124,0,0,0,0,0,0,0,0,0,0,0,0
2003,Indonesia,60502,56536,53040,29642,23998,30548,45355,29471,55753,68568,84555,83683,0,0,0,0,0,0,0,0,0,0,0,0
2003,Brunei Darussalam,22086,26672,37442,14679,14489,14405,7678,12213,13145,15404,14425,22996,0,0,0,0,0,0,0,0,0,0,0,0
2003,Philippines,8783,10434,7678,4793,4473,5193,5811,6525,7313,8714,8949,11764,0,0,0,0,0,0,0,0,0,0,0,0
2003,Vietnam,1084,2158,1833,709,491,1055,1997,1965,2384,2767,2396,2824,0,0,0,0,0,0,0,0,0,0,0,0
2003,Cambodia,682,918,484,448,534,723,609,562,829,863,993,1080,0,0,0,0,0,0,0,0,0,0,0,0
2003,South Africa,1470,975,1118,694,698,648,882,613,1148,1494,1109,1728,0,0,0,0,0,0,0,0,0,0,0,0
2003,India,12605,13147,12447,7189,6865,8184,8070,8480,15574,17946,16180,18466,0,0,0,0,0,0,0,0,0,0,0,0
2003,Iran,541,1040,1781,879,223,285,219,475,1377,1387,905,1300,0,0,0,0,0,0,0,0,0,0,0,0
2003,Poland,11436,11063,4643,1712,2316,3387,3360,2965,2635,2448,3773,5545,0,0,0,0,0,0,0,0,0,0,0,0
2003,Italy,1501,1519,1283,533,421,464,478,1183,1130,1573,1228,1559,0,0,0,0,0,0,0,0,0,0,0,0
2003,Russian Federation,1163,539,415,314,268,104,194,380,306,611,420,521,0,0,0,0,0,0,0,0,0,0,0,0
2003,USA,11820,12036,9899,4932,4554,7682,9673,9371,12329,13426,15622,19727,0,0,0,0,0,0,0,0,0,0,0,0
2003,Canada,3163,3605,3011,1388,1147,1387,1395,1534,2017,2285,2660,3386,0,0,0,0,0,0,0,0,0,0,0,0
2003,Saudi Arabia,1348,2737,1095,545,460,567,1012,2815,4693,1989,874,1942,0,0,0,0,0,0,0,0,0,0,0,0
2003,Turkey,653,953,482,180,199,354,263,226,342,424,585,530,0,0,0,0,0,0,0,0,0,0,0,0
2003,UAE,365,899,403,153,143,183,395,1089,911,418,288,800,0,0,0,0,0,0,0,0,0,0,0,0
2003,Germany,3953,4653,4844,2725,1827,1813,1600,2519,3965,4222,4518,4506,0,0,0,0,0,0,0,0,0,0,0,0
2003,Netherlands,2523,3067,2754,1810,132,1674,1825,2246,3154,2989,3286,3362,0,0,0,0,0,0,0,0,0,0,0,0
2003,France,1960,2720,2342,1091,1018,1068,1453,1887,2312,2694,2415,2885,0,0,0,0,0,0,0,0,0,0,0,0
2003,Switzerland,1323,1549,1412,923,785,662,648,846,1295,1537,1570,1925,0,0,0,0,0,0,0,0,0,0,0,0
2004,Australia,22514,16416,12199,13900,17712,15792,18717,13550,20664,19888,12162,20539,0,0,0,0,0,0,0,0,0,0,0,0
2004,New Zealand,2169,1354,1244,1537,2049,2139,2874,1856,3531,2643,1348,1111,0,0,0,0,0,0,0,0,0,0,0,0
2004,China,59050,75777,43926,46769,58573,54343,50862,63480,38893,47799,43784,49551,0,0,0,0,0,0,0,0,0,0,0,0
2004,Japan,28743,31254,24264,16212,21380,25236,24074,23172,36519,30614,17766,22195,0,0,0,0,0,0,0,0,0,0,0,0
2004,Chinese Taipei,18729,20753,9789,9560,14524,19333,21138,23729,17933,13328,9830,11437,0,0,0,0,0,0,0,0,0,0,0,0
2004,Korea (ROK),5892,6901,3394,3278,6121,7470,6631,9456,11996,10403,8982,10746,0,0,0,0,0,0,0,0,0,0,0,0
2004,UK,19800,14956,16187,15530,19483,12879,13166,19100,16285,16753,21371,18899,0,0,0,0,0,0,0,0,0,0,0,0
2004,Sweden,3798,2835,2787,2114,2461,1507,1725,1210,1269,2274,2189,1791,0,0,0,0,0,0,0,0,0,0,0,0
2004,Finland,1248,856,1028,777,910,1086,767,621,811,1365,1064,775,0,0,0,0,0,0,0,0,0,0,0,0
2004,Denmark,1134,1082,1151,948,1104,892,1217,781,857,1158,911,649,0,0,0,0,0,0,0,0,0,0,0,0
2004,Norway,1033,962,1018,840,1016,626,998,540,525,797,619,463,0,0,0,0,0,0,0,0,0,0,0,0
2004,Singapore,812050,796965,805766,809640,772033,827427,717446,726989,793344,807557,820780,830309,0,0,0,0,0,0,0,0,0,0,0,0
2004,Thailand,109486,105038,131399,135805,118138,131943,118493,128257,135645,139541,136202,128505,0,0,0,0,0,0,0,0,0,0,0,0
2004,Indonesia,84178,64045,50203,51218,54020,74206,80442,67793,74568,66011,70349,52892,0,0,0,0,0,0,0,0,0,0,0,0
2004,Brunei Darussalam,68726,31164,47070,45543,27831,38818,22523,29987,36836,29466,36725,38975,0,0,0,0,0,0,0,0,0,0,0,0
2004,Philippines,17880,10254,11071,13398,10849,12193,9914,10309,11871,14446,11419,10195,0,0,0,0,0,0,0,0,0,0,0,0
2004,Vietnam,2704,1866,2580,2283,3047,5453,5878,6183,3877,3723,2402,2092,0,0,0,0,0,0,0,0,0,0,0,0
2004,Cambodia,998,574,595,1324,1652,802,764,1001,1060,931,710,540,0,0,0,0,0,0,0,0,0,0,0,0
2004,South Africa,1540,1224,1173,1325,2274,1267,1748,1004,1613,1320,538,1485,0,0,0,0,0,0,0,0,0,0,0,0
2004,India,15952,14198,12589,10480,15150,23778,13845,13345,13984,15966,11896,11783,0,0,0,0,0,0,0,0,0,0,0,0
2004,Iran,1079,941,948,798,2037,0,474,1187,1893,1177,358,344,0,0,0,0,0,0,0,0,0,0,0,0
2004,Poland,3942,1903,1223,1014,1059,1410,1346,667,671,897,980,568,0,0,0,0,0,0,0,0,0,0,0,0
2004,Italy,2816,1441,1429,1049,1459,1072,1481,3507,1949,1708,990,1135,0,0,0,0,0,0,0,0,0,0,0,0
2004,Russian Federation,1759,760,532,392,542,265,316,454,438,427,357,385,0,0,0,0,0,0,0,0,0,0,0,0
2004,USA,17468,13813,10816,9194,11179,12910,12174,10465,9589,10172,12462,14852,0,0,0,0,0,0,0,0,0,0,0,0
2004,Canada,3641,2937,2841,2515,2964,2650,2873,3234,2573,2700,1953,1941,0,0,0,0,0,0,0,0,0,0,0,0
2004,Saudi Arabia,1397,3082,974,984,1471,2471,6754,12515,6920,1433,651,780,0,0,0,0,0,0,0,0,0,0,0,0
2004,UAE,659,605,399,350,556,629,2418,13280,1502,328,261,174,0,0,0,0,0,0,0,0,0,0,0,0
2004,Turkey,444,469,437,453,1084,0,568,527,629,708,441,367,0,0,0,0,0,0,0,0,0,0,0,0
2004,Germany,4486,5723,4679,4233,5406,3697,3459,4456,5275,4771,3195,4403,0,0,0,0,0,0,0,0,0,0,0,0
2004,Netherlands,3274,2621,2384,1678,2301,1873,2497,3710,2783,2359,1618,1014,0,0,0,0,0,0,0,0,0,0,0,0
2004,France,3037,2544,2724,2394,3312,2152,2719,3828,2988,2939,1958,1967,0,0,0,0,0,0,0,0,0,0,0,0
2004,Switzerland,1804,1263,1305,1320,1829,1122,1187,1227,1242,1559,982,744,0,0,0,0,0,0,0,0,0,0,0,0
2005,Australia,27641,18306,23927,18882,21220,21603,25448,20475,22535,24485,19970,20854,0,0,0,0,0,0,0,0,0,0,0,0
2005,New Zealand,2999,1832,2166,1969,2619,2410,4031,3353,3375,4069,2897,2126,0,0,0,0,0,0,0,0,0,0,0,0
2005,China,30437,43934,39159,21220,27936,20818,34352,42411,33110,30315,54268,54610,0,0,0,0,0,0,0,0,0,0,0,0
2005,Japan,30401,23893,33674,19008,24351,26738,24636,32661,37794,33464,27167,26240,0,0,0,0,0,0,0,0,0,0,0,0
2005,Chinese Taipei,12271,14446,12519,9731,12067,11154,19538,20416,18006,14245,13069,14994,0,0,0,0,0,0,0,0,0,0,0,0
2005,Korea (ROK),11461,12450,11963,10926,12026,10620,16227,18067,14425,11202,14208,14602,0,0,0,0,0,0,0,0,0,0,0,0
2005,UK,22511,20481,28705,20142,15406,13168,16721,23409,19711,18125,22411,19240,0,0,0,0,0,0,0,0,0,0,0,0
2005,Sweden,4205,3641,4949,3232,2060,1274,2132,1752,1479,2080,2845,2759,0,0,0,0,0,0,0,0,0,0,0,0
2005,Finland,1634,1464,1653,983,880,709,841,986,900,1110,1069,943,0,0,0,0,0,0,0,0,0,0,0,0
2005,Denmark,1046,1331,1631,766,701,708,1237,813,1002,838,784,824,0,0,0,0,0,0,0,0,0,0,0,0
2005,Norway,975,1080,1567,763,498,463,989,705,625,714,730,714,0,0,0,0,0,0,0,0,0,0,0,0
2005,Singapore,826099,815129,811637,805460,816025,825313,749012,758426,776917,782599,825109,842780,0,0,0,0,0,0,0,0,0,0,0,0
2005,Thailand,146614,140068,153019,163095,161583,166837,134357,163090,159520,172320,170569,169767,0,0,0,0,0,0,0,0,0,0,0,0
2005,Indonesia,79550,67947,93678,68074,65272,78206,104772,84844,74154,95560,84273,66627,0,0,0,0,0,0,0,0,0,0,0,0
2005,Brunei Darussalam,51144,31586,34090,53710,35170,39320,30921,31072,43302,45049,43595,47385,0,0,0,0,0,0,0,0,0,0,0,0
2005,Philippines,12141,10389,12969,14818,18690,15548,15815,12229,16058,17994,16636,15674,0,0,0,0,0,0,0,0,0,0,0,0
2005,Vietnam,3013,3778,4560,3396,4784,4083,7048,6018,4347,3782,3965,3769,0,0,0,0,0,0,0,0,0,0,0,0
2005,Cambodia,748,697,900,955,646,724,941,793,1021,770,997,765,0,0,0,0,0,0,0,0,0,0,0,0
2005,South Africa,1853,922,2188,1202,962,1389,1529,1083,1965,1119,1038,1131,0,0,0,0,0,0,0,0,0,0,0,0
2005,India,15117,14548,18828,15464,27701,24424,18252,17882,15679,20023,20687,17184,0,0,0,0,0,0,0,0,0,0,0,0
2005,Iran,968,644,2492,1006,678,739,942,1124,880,1005,891,940,0,0,0,0,0,0,0,0,0,0,0,0
2005,Russian Federation,2159,640,593,153,569,363,367,538,553,735,977,739,0,0,0,0,0,0,0,0,0,0,0,0
2005,Italy,1818,1613,2234,1314,1085,920,1484,4632,1849,1492,1354,1766,0,0,0,0,0,0,0,0,0,0,0,0
2005,Poland,872,856,883,463,510,379,477,574,449,509,495,3902,0,0,0,0,0,0,0,0,0,0,0,0
2005,USA,12364,11488,14795,9905,11900,10090,14493,15090,9726,12046,13748,15709,0,0,0,0,0,0,0,0,0,0,0,0
2005,Canada,3039,2838,3694,2252,2409,1976,2489,3240,2312,2180,2300,2438,0,0,0,0,0,0,0,0,0,0,0,0
2005,Saudi Arabia,2369,1581,1573,1314,1356,2883,10564,17507,8723,1005,2486,2321,0,0,0,0,0,0,0,0,0,0,0,0
2005,UAE,736,357,876,400,624,932,5308,16006,1930,434,1069,934,0,0,0,0,0,0,0,0,0,0,0,0
2005,Turkey,573,643,727,489,372,446,655,587,797,431,540,413,0,0,0,0,0,0,0,0,0,0,0,0
2005,Germany,4899,4905,7658,4409,3713,2768,4118,5590,6402,5164,5192,4526,0,0,0,0,0,0,0,0,0,0,0,0
2005,France,3160,3389,4483,2906,3027,1945,3464,5079,3036,3683,3316,2985,0,0,0,0,0,0,0,0,0,0,0,0
2005,Netherlands,2905,2669,3335,2252,2829,1965,3673,5714,3532,4078,4334,3207,0,0,0,0,0,0,0,0,0,0,0,0
2005,Switzerland,1667,1611,2152,1354,1319,904,1365,1547,1014,1503,1483,1781,0,0,0,0,0,0,0,0,0,0,0,0
2006,Australia,29981,19389,24845,22723,17902,20566,26593,20946,23180,25660,23005,22335,0,0,0,0,0,0,0,0,0,0,0,0
2006,New Zealand,3671,2356,2309,2795,2493,2791,3625,2977,2828,3007,3523,2390,0,0,0,0,0,0,0,0,0,0,0,0
2006,China,47095,48707,43042,34001,29397,28521,33260,46302,49879,45055,66410,61245,0,0,0,0,0,0,0,0,0,0,0,0
2006,Japan,31716,23997,37424,22480,25401,25926,26519,30635,34950,31557,34067,29541,0,0,0,0,0,0,0,0,0,0,0,0
2006,Korea (ROK),15051,17705,15529,14233,12685,13686,15781,18751,14846,14249,19820,17128,0,0,0,0,0,0,0,0,0,0,0,0
2006,Chinese Taipei,14421,15073,13128,11376,13649,14506,18529,18156,19376,14416,14047,15152,0,0,0,0,0,0,0,0,0,0,0,0
2006,UK,24445,23489,24290,23510,17551,17066,16940,20556,20178,19593,23772,20645,0,0,0,0,0,0,0,0,0,0,0,0
2006,Sweden,5287,4890,5335,3598,2062,1554,2205,1595,1086,2185,3460,3023,0,0,0,0,0,0,0,0,0,0,0,0
2006,Finland,2383,2145,2548,1477,1359,1062,1305,1401,1372,2025,1590,1251,0,0,0,0,0,0,0,0,0,0,0,0
2006,Denmark,1334,1344,1302,1003,819,829,1412,1013,702,814,1137,1064,0,0,0,0,0,0,0,0,0,0,0,0
2006,Norway,1126,1188,1269,1132,699,646,1133,720,555,737,1144,941,0,0,0,0,0,0,0,0,0,0,0,0
2006,Singapore,791897,781078,842885,798644,768477,742550,783660,811997,787902,848337,839136,859688,0,0,0,0,0,0,0,0,0,0,0,0
2006,Thailand,167981,178173,182537,193851,187930,186799,94462,122899,96621,164099,158909,157660,0,0,0,0,0,0,0,0,0,0,0,0
2006,Indonesia,99721,80381,98732,76884,100635,100095,138191,109062,89924,117526,101802,104071,0,0,0,0,0,0,0,0,0,0,0,0
2006,Brunei Darussalam,52848,34649,54822,54926,41505,47042,87129,74324,82963,87170,88646,78422,0,0,0,0,0,0,0,0,0,0,0,0
2006,Philippines,15466,14324,19392,17871,18277,15145,15318,16553,14828,20603,21988,21358,0,0,0,0,0,0,0,0,0,0,0,0
2006,Vietnam,4153,4714,5372,4873,5576,6010,7303,6508,4538,4420,5358,5041,0,0,0,0,0,0,0,0,0,0,0,0
2006,Cambodia,1109,892,998,1640,1525,988,1228,1323,1271,689,1808,1223,0,0,0,0,0,0,0,0,0,0,0,0
2006,South Africa,2166,1085,1986,1946,1307,1559,2172,2323,1745,1361,1378,1146,0,0,0,0,0,0,0,0,0,0,0,0
2006,India,20572,15182,19781,20205,34521,29062,21200,18589,21535,28951,26194,23254,0,0,0,0,0,0,0,0,0,0,0,0
2006,Iran,1159,1455,4121,1521,1310,1324,1166,1545,1508,921,1478,1245,0,0,0,0,0,0,0,0,0,0,0,0
2006,Russian Federation,3068,1158,977,1069,971,574,655,767,502,950,1175,1079,0,0,0,0,0,0,0,0,0,0,0,0
2006,Italy,2566,2729,2600,1817,1705,1384,1826,4038,1964,1586,1846,2187,0,0,0,0,0,0,0,0,0,0,0,0
2006,Poland,625,623,878,651,626,482,566,630,587,617,803,4194,0,0,0,0,0,0,0,0,0,0,0,0
2006,USA,14033,12711,15486,12196,13009,14492,17403,16473,10702,12913,16963,17955,0,0,0,0,0,0,0,0,0,0,0,0
2006,Canada,3431,3294,3609,2811,2649,2499,3210,3491,1764,2067,3011,2894,0,0,0,0,0,0,0,0,0,0,0,0
2006,Saudi Arabia,3517,2789,2449,2033,2229,3836,13656,21002,8535,1344,2701,3588,0,0,0,0,0,0,0,0,0,0,0,0
2006,UAE,1742,1008,749,1026,987,1867,5570,17194,2095,610,1114,1156,0,0,0,0,0,0,0,0,0,0,0,0
2006,Turkey,970,475,897,946,459,358,673,671,546,501,689,469,0,0,0,0,0,0,0,0,0,0,0,0
2006,Germany,5741,5937,7849,5946,4940,4213,4661,5431,5373,5296,6172,4612,0,0,0,0,0,0,0,0,0,0,0,0
2006,Netherlands,4462,4310,4624,3461,3433,3318,4782,5617,3179,2421,4279,2179,0,0,0,0,0,0,0,0,0,0,0,0
2006,France,4100,4644,5177,4621,3883,2941,4170,5739,2838,4062,3991,3212,0,0,0,0,0,0,0,0,0,0,0,0
2006,Switzerland,1985,1746,1945,1967,1671,1159,1534,1763,958,989,1615,994,0,0,0,0,0,0,0,0,0,0,0,0
2007,Australia,30115,20259,28184,24876,19924,21059,28716,22573,27108,30385,32354,34810,0,0,0,0,0,0,0,0,0,0,0,0
2007,New Zealand,3421,2779,2927,3032,2908,2841,3734,3090,3523,3567,5333,4214,0,0,0,0,0,0,0,0,0,0,0,0
2007,China,68809,75730,66940,62772,56816,49852,54286,68831,66668,60056,79418,79605,0,0,0,0,0,0,0,0,0,0,0,0
2007,Japan,33837,30379,43555,26752,23293,24319,29498,29828,30721,29001,34047,32337,0,0,0,0,0,0,0,0,0,0,0,0
2007,Korea (ROK),27254,19973,19756,16230,13222,12814,21377,22118,14251,13546,28343,15983,0,0,0,0,0,0,0,0,0,0,0,0
2007,Chinese Taipei,13367,19335,15847,13533,14567,17110,20231,21996,19309,14400,17590,14026,0,0,0,0,0,0,0,0,0,0,0,0
2007,UK,25882,25331,26386,25663,15794,17373,22372,21791,21605,20851,25317,27848,0,0,0,0,0,0,0,0,0,0,0,0
2007,Sweden,6013,5990,5907,3820,2427,2283,2449,2068,1694,3140,4436,4519,0,0,0,0,0,0,0,0,0,0,0,0
2007,Finland,3714,3194,3389,3898,4263,3105,2618,2581,2390,2014,1325,1653,0,0,0,0,0,0,0,0,0,0,0,0
2007,Denmark,1878,2056,2150,1778,1479,1556,1789,1561,1211,1489,1429,1397,0,0,0,0,0,0,0,0,0,0,0,0
2007,Norway,1493,1638,1819,1186,784,947,1355,842,685,1269,1485,1451,0,0,0,0,0,0,0,0,0,0,0,0
2007,Singapore,837407,821234,941087,871366,938502,877694,873685,801442,816776,894147,883913,935439,0,0,0,0,0,0,0,0,0,0,0,0
2007,Indonesia,158887,115446,129204,158559,165483,182809,171550,129888,124132,144478,152484,171615,0,0,0,0,0,0,0,0,0,0,0,0
2007,Thailand,123634,149250,149444,132891,120177,142154,108408,115124,121617,149986,150805,162208,0,0,0,0,0,0,0,0,0,0,0,0
2007,Brunei Darussalam,73428,76223,108300,76117,74080,99506,101922,94353,104275,100193,118371,145386,0,0,0,0,0,0,0,0,0,0,0,0
2007,Philippines,26390,24297,27172,30707,31007,29771,24654,25411,21328,26227,31751,28425,0,0,0,0,0,0,0,0,0,0,0,0
2007,Vietnam,10748,9504,11845,11366,11822,13705,11549,11101,7445,7869,6197,6822,0,0,0,0,0,0,0,0,0,0,0,0
2007,Cambodia,2099,2464,2117,2809,2263,1186,1552,1333,1418,1382,2679,1891,0,0,0,0,0,0,0,0,0,0,0,0
2007,South Africa,2254,1181,2214,2309,1103,1646,2188,2062,1863,1264,1599,1550,0,0,0,0,0,0,0,0,0,0,0,0
2007,India,31275,29475,33215,36338,56160,44821,28987,25207,30227,31861,38086,36800,0,0,0,0,0,0,0,0,0,0,0,0
2007,Iran,2777,2278,6413,1469,1302,1631,1483,2225,2713,1678,1852,1394,0,0,0,0,0,0,0,0,0,0,0,0
2007,Russian Federation,3803,1675,1369,1352,747,605,807,978,970,1132,1897,1533,0,0,0,0,0,0,0,0,0,0,0,0
2007,Italy,2935,2990,3633,2184,1885,1795,2112,4790,2049,2141,2471,2591,0,0,0,0,0,0,0,0,0,0,0,0
2007,Poland,1588,2280,3411,3179,6163,4159,2906,1824,2762,1532,1079,3461,0,0,0,0,0,0,0,0,0,0,0,0
2007,USA,19104,16285,18667,16683,17492,19029,18560,17935,12553,15800,16056,16680,0,0,0,0,0,0,0,0,0,0,0,0
2007,Canada,4751,4664,4855,4382,3291,2868,4551,4078,2290,2838,3914,4421,0,0,0,0,0,0,0,0,0,0,0,0
2007,Saudi Arabia,3118,4160,3417,3590,3672,5745,13774,21718,8731,3576,2716,4081,0,0,0,0,0,0,0,0,0,0,0,0
2007,UAE,2319,1252,1178,1254,925,2291,6607,16901,2484,665,1172,1122,0,0,0,0,0,0,0,0,0,0,0,0
2007,Turkey,1060,960,1484,727,635,732,665,723,716,561,646,671,0,0,0,0,0,0,0,0,0,0,0,0
2007,Germany,6845,6942,8917,6895,4727,4285,6119,6136,6624,5793,8942,6373,0,0,0,0,0,0,0,0,0,0,0,0
2007,Netherlands,5644,5103,5314,3959,3297,3150,5571,6399,3932,3744,6273,3218,0,0,0,0,0,0,0,0,0,0,0,0
2007,France,5450,5846,6051,5224,3747,3297,4904,6705,4210,4253,5178,4591,0,0,0,0,0,0,0,0,0,0,0,0
2007,Switzerland,2156,2108,2205,2035,1350,999,1824,1594,1331,1398,2333,1329,0,0,0,0,0,0,0,0,0,0,0,0
2008,Australia,38868,28443,33500,33967,28432,31651,41432,33942,37780,38408,34929,45724,0,0,0,0,0,0,0,0,0,0,0,0
2008,New Zealand,4449,3617,4100,4482,4310,4105,5112,4926,5104,5695,4661,5556,0,0,0,0,0,0,0,0,0,0,0,0
2008,China,73233,99599,85542,81415,78538,73355,76978,90976,68540,74780,75342,71566,0,0,0,0,0,0,0,0,0,0,0,0
2008,Japan,34246,37395,40318,30609,30560,33629,36305,40751,35978,40080,35815,37776,0,0,0,0,0,0,0,0,0,0,0,0
2008,Korea (ROK),26216,26603,21760,21229,22457,20348,27512,27473,18617,19257,17323,18666,0,0,0,0,0,0,0,0,0,0,0,0
2008,Chinese Taipei,14171,16768,15646,15106,16537,18767,21214,19960,14063,14295,12111,12341,0,0,0,0,0,0,0,0,0,0,0,0
2008,UK,28724,33438,34407,31952,21369,23436,31391,38198,29100,31554,30891,36131,0,0,0,0,0,0,0,0,0,0,0,0
2008,Sweden,5724,5864,6340,3898,2690,2723,2884,2216,2429,3475,4212,6194,0,0,0,0,0,0,0,0,0,0,0,0
2008,Finland,2784,2517,2229,2591,2839,1028,1555,759,1041,1252,1466,3051,0,0,0,0,0,0,0,0,0,0,0,0
2008,Denmark,1953,2479,2914,1819,1702,1699,2333,1590,1602,1900,1746,2080,0,0,0,0,0,0,0,0,0,0,0,0
2008,Norway,1913,2182,2869,1618,1433,1446,1934,1244,1413,1677,1877,1910,0,0,0,0,0,0,0,0,0,0,0,0
2008,Singapore,861015,877078,882787,867087,1011090,976873,912394,894845,839444,887605,963261,1030013,0,0,0,0,0,0,0,0,0,0,0,0
2008,Indonesia,179848,145462,185537,186492,189157,209015,236936,201663,179668,245604,218105,251118,0,0,0,0,0,0,0,0,0,0,0,0
2008,Thailand,108730,126451,115868,137229,125715,144121,128317,120785,93291,142848,127658,122776,0,0,0,0,0,0,0,0,0,0,0,0
2008,Brunei Darussalam,77548,67181,70829,59583,75245,101255,96493,96732,91315,87779,95112,166043,0,0,0,0,0,0,0,0,0,0,0,0
2008,Philippines,25002,27759,30515,33521,36729,33230,33867,35364,31572,36415,34226,39684,0,0,0,0,0,0,0,0,0,0,0,0
2008,Vietnam,8079,9132,9396,9028,9815,13200,14422,12172,8290,9785,9885,9729,0,0,0,0,0,0,0,0,0,0,0,0
2008,Cambodia,2973,2866,2537,4387,3143,2093,2581,2848,2660,2606,3670,3100,0,0,0,0,0,0,0,0,0,0,0,0
2008,South Africa,2302,1408,3231,2365,1837,1940,2314,1819,1218,1711,1411,3881,0,0,0,0,0,0,0,0,0,0,0,0
2008,India,38394,38664,39621,43144,74422,58605,42391,41770,37237,44831,42484,49175,0,0,0,0,0,0,0,0,0,0,0,0
2008,Iran,3039,3950,10642,2726,2948,4002,4232,6401,6201,5755,5795,7438,0,0,0,0,0,0,0,0,0,0,0,0
2008,Russian Federation,4101,2221,2064,2048,1469,1287,1765,1737,1729,2235,2318,3334,0,0,0,0,0,0,0,0,0,0,0,0
2008,Italy,3314,3270,3511,2550,1979,2470,3058,7346,2560,3116,2793,2978,0,0,0,0,0,0,0,0,0,0,0,0
2008,Poland,1108,833,1189,1373,660,1006,1034,749,838,683,1337,935,0,0,0,0,0,0,0,0,0,0,0,0
2008,USA,17740,17413,20447,17087,17740,21112,23080,19287,14788,17729,17021,19805,0,0,0,0,0,0,0,0,0,0,0,0
2008,Canada,6885,7375,7161,6106,5025,4316,5994,7293,5367,6466,6654,9022,0,0,0,0,0,0,0,0,0,0,0,0
2008,Saudi Arabia,2335,3788,3004,3899,4245,7893,17959,14373,1854,6493,4121,4668,0,0,0,0,0,0,0,0,0,0,0,0
2008,UAE,1954,1678,1644,1238,1153,4607,12790,5665,269,1260,1089,1647,0,0,0,0,0,0,0,0,0,0,0,0
2008,Turkey,756,812,910,649,505,629,544,616,597,509,624,1001,0,0,0,0,0,0,0,0,0,0,0,0
2008,Germany,8658,9641,11744,9103,6386,6706,8450,10517,9241,10030,10640,10409,0,0,0,0,0,0,0,0,0,0,0,0
2008,Netherlands,7785,7656,7578,6370,5173,5077,8077,10269,8145,8610,7837,8225,0,0,0,0,0,0,0,0,0,0,0,0
2008,France,6503,7368,8229,7478,5234,4800,7880,10770,5929,7275,6467,8097,0,0,0,0,0,0,0,0,0,0,0,0
2008,Switzerland,2264,2299,2366,2132,2001,1652,2962,2013,1759,2080,2353,2608,0,0,0,0,0,0,0,0,0,0,0,0
2009,Australia,47228,29568,34587,44169,35029,39536,50132,42969,48270,56601,46322,58971,0,0,0,0,0,0,0,0,0,0,0,0
2009,New Zealand,5251,3737,4211,4876,4619,5477,6080,5782,5599,6109,5218,6045,0,0,0,0,0,0,0,0,0,0,0,0
2009,China,100563,73938,85582,86103,62148,58351,89782,104473,74319,95235,94322,94940,0,0,0,0,0,0,0,0,0,0,0,0
2009,Japan,32317,35234,35186,28177,26384,25924,33458,41707,38654,35028,30633,33044,0,0,0,0,0,0,0,0,0,0,0,0
2009,Korea (ROK),23690,19693,16471,18122,17520,16934,22297,23305,13743,14228,20816,20493,0,0,0,0,0,0,0,0,0,0,0,0
2009,Chinese Taipei,17949,12111,13793,13804,15597,15897,24176,26032,14354,15828,14189,14139,0,0,0,0,0,0,0,0,0,0,0,0
2009,UK,31836,31760,34529,39505,32128,32962,42821,44519,34001,38842,3522,36966,0,0,0,0,0,0,0,0,0,0,0,0
2009,Sweden,5662,5772,5415,4651,2746,3074,3243,2537,2803,3851,4209,5546,0,0,0,0,0,0,0,0,0,0,0,0
2009,Finland,2657,2361,2075,1865,1220,1235,1047,964,1153,1559,1479,3297,0,0,0,0,0,0,0,0,0,0,0,0
2009,Denmark,2448,2628,2464,2230,1592,1860,3425,1860,1654,2169,1764,1822,0,0,0,0,0,0,0,0,0,0,0,0
2009,Norway,1904,1986,2117,2441,1286,1751,2461,1330,1569,1831,1695,2116,0,0,0,0,0,0,0,0,0,0,0,0
2009,Singapore,964475,845290,1086360,983740,1038004,1222096,1029421,1091651,1137426,1104415,1157094,1073110,0,0,0,0,0,0,0,0,0,0,0,0
2009,Indonesia,186023,167176,180644,181794,195096,215948,214073,181634,207302,223238,196592,255840,0,0,0,0,0,0,0,0,0,0,0,0
2009,Thailand,116372,109631,129224,147551,123811,107526,120940,114555,106079,143973,97093,132507,0,0,0,0,0,0,0,0,0,0,0,0
2009,Brunei Darussalam,102054,72313,114626,86695,84401,107083,51055,68838,85109,75517,86296,127370,0,0,0,0,0,0,0,0,0,0,0,0
2009,Philippines,35955,28736,36744,42653,42709,37701,33717,37681,36397,37902,37875,39400,0,0,0,0,0,0,0,0,0,0,0,0
2009,Vietnam,10127,10919,10620,12094,12683,14822,18206,15094,10181,12432,12649,9858,0,0,0,0,0,0,0,0,0,0,0,0
2009,Cambodia,3618,2601,3044,4261,3619,2778,3599,3999,3550,3886,3896,4295,0,0,0,0,0,0,0,0,0,0,0,0
2009,South Africa,2037,1062,1555,2208,1331,2042,2301,1798,1715,1891,1622,3994,0,0,0,0,0,0,0,0,0,0,0,0
2009,India,41859,34899,38499,45610,70714,57603,44797,42332,43733,54206,51279,64307,0,0,0,0,0,0,0,0,0,0,0,0
2009,Iran,6664,7373,15690,4646,5865,7773,7990,9470,9398,7969,8540,10286,0,0,0,0,0,0,0,0,0,0,0,0
2009,Russian Federation,4514,2496,2208,1943,1836,1694,1994,2318,2001,2399,2424,3375,0,0,0,0,0,0,0,0,0,0,0,0
2009,Italy,3214,3510,3375,2755,2688,2902,4249,10995,2938,3458,2947,3321,0,0,0,0,0,0,0,0,0,0,0,0
2009,Poland,903,954,908,853,715,971,1112,1198,1307,1204,1365,1054,0,0,0,0,0,0,0,0,0,0,0,0
2009,USA,19644,16236,18863,18324,17684,20712,22604,19557,16439,19726,19034,19748,0,0,0,0,0,0,0,0,0,0,0,0
2009,Canada,8641,7158,7747,7321,6628,6549,8423,7398,5561,7123,7118,8413,0,0,0,0,0,0,0,0,0,0,0,0
2009,Saudi Arabia,2938,5405,3524,4901,3960,4234,20770,8366,5154,5497,9046,3287,0,0,0,0,0,0,0,0,0,0,0,0
2009,UAE,2203,853,982,1049,1128,2919,6351,1880,703,953,1964,1123,0,0,0,0,0,0,0,0,0,0,0,0
2009,Turkey,728,687,746,787,603,683,831,629,537,659,683,692,0,0,0,0,0,0,0,0,0,0,0,0
2009,Germany,10024,11065,12855,11085,8867,8593,10586,12763,10551,11318,10819,9762,0,0,0,0,0,0,0,0,0,0,0,0
2009,France,8057,8073,8563,10187,8302,7283,12239,14130,7848,9138,7678,8556,0,0,0,0,0,0,0,0,0,0,0,0
2009,Netherlands,7857,7554,7895,8153,7585,8404,15645,13011,8672,9655,7950,8758,0,0,0,0,0,0,0,0,0,0,0,0
2009,Switzerland,2288,2213,2448,2765,2059,1941,3419,2445,1996,2357,2263,2329,0,0,0,0,0,0,0,0,0,0,0,0
2010,Australia,54136,32820,42382,45430,42759,44168,58037,52518,53475,57806,48569,48595,0,0,0,0,0,0,0,0,0,0,0,0
2010,New Zealand,5320,4297,4632,4920,4879,5614,6744,6253,6313,6742,5743,4695,0,0,0,0,0,0,0,0,0,0,0,0
2010,China,95473,101517,85000,95130,71914,67126,90129,112996,110901,100113,95977,103985,0,0,0,0,0,0,0,0,0,0,0,0
2010,Japan,30757,34001,38599,26586,27538,29122,34772,46577,43577,39655,31907,32790,0,0,0,0,0,0,0,0,0,0,0,0
2010,Korea (ROK),28250,23966,18975,20040,20047,19788,30500,27108,17292,14943,22000,21143,0,0,0,0,0,0,0,0,0,0,0,0
2010,Chinese Taipei,20263,14322,13645,15869,17579,19085,24390,29260,15108,14264,13489,13869,0,0,0,0,0,0,0,0,0,0,0,0
2010,UK,32739,31990,34804,27654,32957,35737,46780,49421,37035,34961,36981,28906,0,0,0,0,0,0,0,0,0,0,0,0
2010,Sweden,5846,5956,6311,4779,2925,3204,3403,2721,2352,2642,3410,5422,0,0,0,0,0,0,0,0,0,0,0,0
2010,Finland,2926,2626,2257,1613,1564,1328,1314,1104,1164,1527,1334,2598,0,0,0,0,0,0,0,0,0,0,0,0
2010,Denmark,2318,2806,2795,1873,1702,1871,2722,2167,1698,1976,1437,1504,0,0,0,0,0,0,0,0,0,0,0,0
2010,Norway,1950,2132,2632,2193,1454,1833,2550,1563,1588,2003,1446,1429,0,0,0,0,0,0,0,0,0,0,0,0
2010,Singapore,1001806,972692,1026000,972940,1049302,1271404,1174777,1082449,1099293,1128974,1187757,1074610,0,0,0,0,0,0,0,0,0,0,0,0
2010,Indonesia,202124,201280,214280,203427,209284,223165,227851,180851,180015,213858,184643,265731,0,0,0,0,0,0,0,0,0,0,0,0
2010,Thailand,97050,94282,139820,129845,126832,124581,115362,126915,136141,152236,99335,116279,0,0,0,0,0,0,0,0,0,0,0,0
2010,Brunei Darussalam,67544,79544,128800,92736,98241,111771,82982,67382,94443,82743,88828,129392,0,0,0,0,0,0,0,0,0,0,0,0
2010,Philippines,32040,34713,47988,46321,47031,42038,36502,39913,39241,40775,39853,40375,0,0,0,0,0,0,0,0,0,0,0,0
2010,Vietnam,10891,11606,11804,11149,13321,16266,17800,16748,12145,12874,12974,11693,0,0,0,0,0,0,0,0,0,0,0,0
2010,Myanmar,8037,4952,5334,6139,5777,5326,5129,5632,5643,5880,6404,8539,0,0,0,0,0,0,0,0,0,0,0,0
2010,Cambodia,4753,3792,3214,4078,3657,2944,3765,4170,4782,4165,4241,5057,0,0,0,0,0,0,0,0,0,0,0,0
2010,Lao PDR,2597,2520,2704,2444,3399,3125,3309,3537,3353,3675,4090,3358,0,0,0,0,0,0,0,0,0,0,0,0
2010,South Africa,2073,1173,2387,2185,1823,1863,2278,1931,1892,2199,1977,4614,0,0,0,0,0,0,0,0,0,0,0,0
2010,India,48426,42576,47354,56100,88393,76612,54854,53434,51953,62448,53040,55659,0,0,0,0,0,0,0,0,0,0,0,0
2010,Iran,9653,8440,16440,5717,6440,8636,8666,9512,11797,9733,9723,11495,0,0,0,0,0,0,0,0,0,0,0,0
2010,Russian Federation,4677,2670,2398,1903,1891,1995,2582,2735,2299,2582,2749,3594,0,0,0,0,0,0,0,0,0,0,0,0
2010,Italy,3699,3250,3256,2718,2578,2947,4580,11695,3138,3282,2886,3039,0,0,0,0,0,0,0,0,0,0,0,0
2010,USA,18106,17105,19565,18413,19161,22493,24202,22801,18651,20210,17665,14593,0,0,0,0,0,0,0,0,0,0,0,0
2010,Canada,7393,7345,8214,9610,7830,7563,9308,8898,6214,6413,6692,6221,0,0,0,0,0,0,0,0,0,0,0,0
2010,Saudi Arabia,2916,7055,4255,4431,4542,4509,24456,8755,7921,5554,8982,3395,0,0,0,0,0,0,0,0,0,0,0,0
2010,UAE,2439,1199,1230,1239,1246,2976,8557,1760,923,989,1650,1437,0,0,0,0,0,0,0,0,0,0,0,0
2010,Turkey,926,835,915,801,665,671,782,751,663,602,944,594,0,0,0,0,0,0,0,0,0,0,0,0
2010,Germany,10127,11280,13395,10652,9433,8891,11490,13693,11696,11357,9296,9586,0,0,0,0,0,0,0,0,0,0,0,0
2010,Netherlands,8442,7954,8154,7268,8951,9056,15757,15058,10120,9877,8012,6238,0,0,0,0,0,0,0,0,0,0,0,0
2010,France,8267,8402,8898,8374,7606,8326,13347,14963,8252,9663,7409,7668,0,0,0,0,0,0,0,0,0,0,0,0
2010,Switzerland,2173,2234,2635,2462,2091,1942,3482,2834,2173,2104,1888,1876,0,0,0,0,0,0,0,0,0,0,0,0
2010,Austria,1090,0,0,0,0,0,0,0,0,0,0,0,0,0,0,0,0,0,0,0,0,0,0,0
2011,Australia,63796,32089,43305,53025,39664,38776,56253,44752,40495,50265,42706,53285,0,0,0,0,0,0,0,0,0,0,0,0
2011,New Zealand,5410,3009,4696,7850,7344,7447,10699,8590,5671,7077,6325,7269,0,0,0,0,0,0,0,0,0,0,0,0
2011,China,116195,88549,96098,87760,92916,83437,142173,140854,85558,101095,102231,113670,0,0,0,0,0,0,0,0,0,0,0,0
2011,Japan,29326,27427,29598,24779,25592,26139,34460,43104,32950,34147,38241,41211,0,0,0,0,0,0,0,0,0,0,0,0
2011,Korea (ROK),27995,18144,16505,15795,19599,19086,29200,29048,18150,20263,24269,25374,0,0,0,0,0,0,0,0,0,0,0,0
2011,Chinese Taipei,16919,12133,16795,17716,19204,21517,33999,27316,17157,17838,18136,15053,0,0,0,0,0,0,0,0,0,0,0,0
2011,UK,34012,26152,33675,38465,26076,27328,39736,42038,33603,33676,34806,34373,0,0,0,0,0,0,0,0,0,0,0,0
2011,Sweden,7285,5381,5552,4538,2790,1998,2243,1697,1493,2676,3392,5093,0,0,0,0,0,0,0,0,0,0,0,0
2011,Finland,3147,2524,1952,1629,1146,749,1008,917,957,1345,1459,3136,0,0,0,0,0,0,0,0,0,0,0,0
2011,Denmark,2213,1917,1970,1881,1731,1301,2631,1655,1266,1866,1838,2000,0,0,0,0,0,0,0,0,0,0,0,0
2011,Norway,1860,1770,1794,2263,1273,1305,2042,1168,982,1670,1817,1947,0,0,0,0,0,0,0,0,0,0,0,0
2011,Singapore,975397,967891,1017864,987182,1025126,1151845,1285206,1162550,1178442,1214776,1278027,1128341,0,0,0,0,0,0,0,0,0,0,0,0
2011,Indonesia,154689,121037,157957,155636,155862,178258,216701,173753,185126,202849,179482,253031,0,0,0,0,0,0,0,0,0,0,0,0
2011,Thailand,120896,85824,122594,149675,120230,122688,110049,127930,141314,118579,100176,122093,0,0,0,0,0,0,0,0,0,0,0,0
2011,Brunei Darussalam,100748,68665,128508,105962,93219,98238,101072,78635,110404,93417,102419,158117,0,0,0,0,0,0,0,0,0,0,0,0
2011,Philippines,24746,19914,26546,32848,33418,26493,30586,30514,28216,34717,37182,36921,0,0,0,0,0,0,0,0,0,0,0,0
2011,Vietnam,9666,11606,12859,11847,13058,16716,22944,18044,12046,14341,15215,15441,0,0,0,0,0,0,0,0,0,0,0,0
2011,Myanmar,7372,5335,6848,6648,6083,6246,6976,7375,6405,7063,7474,8121,0,0,0,0,0,0,0,0,0,0,0,0
2011,Cambodia,4668,3058,3863,4880,3793,3583,4540,4293,4813,4084,4152,3745,0,0,0,0,0,0,0,0,0,0,0,0
2011,Lao PDR,2507,2047,2216,2606,1923,1718,1972,1881,1537,2775,3776,4562,0,0,0,0,0,0,0,0,0,0,0,0
2011,South Africa,2865,1402,2435,2657,2052,2002,2698,2100,2007,2679,2274,6270,0,0,0,0,0,0,0,0,0,0,0,0
2011,India,54132,37579,46799,55938,83343,63720,59649,54899,45769,69669,62562,64997,0,0,0,0,0,0,0,0,0,0,0,0
2011,Iran,11009,8871,20315,6752,7244,10257,11940,13847,13911,10957,11311,13203,0,0,0,0,0,0,0,0,0,0,0,0
2011,Russian Federation,6240,2953,3202,2608,2054,1824,2521,2757,2138,2996,3692,5933,0,0,0,0,0,0,0,0,0,0,0,0
2011,Italy,4346,2858,3330,2955,2351,2189,3630,8676,2606,3550,3351,4022,0,0,0,0,0,0,0,0,0,0,0,0
2011,USA,17987,12958,18241,16406,16701,18193,22702,17684,14864,20368,19857,20794,0,0,0,0,0,0,0,0,0,0,0,0
2011,Canada,7979,5830,7272,8599,6906,5675,8372,6993,4909,6983,7929,8568,0,0,0,0,0,0,0,0,0,0,0,0
2011,Saudi Arabia,4015,3716,3546,5558,4366,10699,20393,4252,9586,8676,8075,4811,0,0,0,0,0,0,0,0,0,0,0,0
2011,UAE,1305,1055,1252,1424,1393,3059,6613,1166,1395,1234,1763,2553,0,0,0,0,0,0,0,0,0,0,0,0
2011,Turkey,723,678,756,769,663,568,668,693,632,715,973,739,0,0,0,0,0,0,0,0,0,0,0,0
2011,Germany,12706,9515,12480,9909,8230,7507,10319,12346,9217,10392,11528,10521,0,0,0,0,0,0,0,0,0,0,0,0
2011,France,9755,8770,11014,10763,8992,7516,14590,16747,8242,10598,9613,11380,0,0,0,0,0,0,0,0,0,0,0,0
2011,Netherlands,7607,5503,6273,6683,6040,6356,13171,9324,6147,8707,7089,7690,0,0,0,0,0,0,0,0,0,0,0,0
2011,Switzerland,2283,1889,2073,2436,1760,1550,2958,2301,1605,2250,2401,2296,0,0,0,0,0,0,0,0,0,0,0,0
2011,Austria,1314,1036,1130,988,812,736,1331,1372,956,1130,1174,1103,0,0,0,0,0,0,0,0,0,0,0,0
2012,Australia,0,0,0,0,0,0,0,0,0,0,0,0,48029,32831,37591,43680,35441,45007,53544,33970,42518,46507,38046,50784
2012,New Zealand,0,0,0,0,0,0,0,0,0,0,0,0,5967,4238,5186,5579,5408,5807,6738,4637,5132,6074,5109,5851
2012,Brazil,0,0,0,0,0,0,0,0,0,0,0,0,0,0,0,0,721,0,858,0,0,0,0,0
2012,China,0,0,0,0,0,0,0,0,0,0,0,0,142997,142997,128795,130149,125489,112395,161401,154688,108314,127581,124985,123527
2012,Japan,0,0,0,0,0,0,0,0,0,0,0,0,31986,39760,40271,32507,34044,37304,40391,46540,40513,39452,42692,44548
2012,Korea (ROK),0,0,0,0,0,0,0,0,0,0,0,0,29740,27922,19315,18116,19899,23261,32326,27402,22380,18270,22469,22877
2012,Chinese Taipei,0,0,0,0,0,0,0,0,0,0,0,0,20526,19249,16774,16270,18500,22086,33395,23574,18821,18602,17404,17318
2012,Egypt,0,0,0,0,0,0,0,0,0,0,0,0,1366,1200,1053,1269,1250,1504,0,1323,1931,1564,1531,1472
2012,Kazakhstan,0,0,0,0,0,0,0,0,0,0,0,0,2499,2105,1975,1281,0,1451,2238,1826,0,0,1535,1503
2012,Uzbekistan,0,0,0,0,0,0,0,0,0,0,0,0,1412,1285,0,0,0,0,0,0,0,0,0,1005
2012,Nigeria,0,0,0,0,0,0,0,0,0,0,0,0,0,0,0,0,1552,1537,1656,0,1920,1444,1453,0
2012,UK,0,0,0,0,0,0,0,0,0,0,0,0,32674,33395,37651,34503,28281,30234,36033,35060,32170,34359,34544,33303
2012,Sweden,0,0,0,0,0,0,0,0,0,0,0,0,4680,5485,4576,2831,1668,2129,2213,1414,1652,2316,2900,6554
2012,Finland,0,0,0,0,0,0,0,0,0,0,0,0,3092,3540,2427,1164,0,0,0,0,0,0,0,0
2012,Denmark,0,0,0,0,0,0,0,0,0,0,0,0,2043,2702,2753,2252,1361,1633,3055,1578,1476,1840,1816,1899
2012,Norway,0,0,0,0,0,0,0,0,0,0,0,0,1680,2194,2463,1647,1088,1677,2190,0,1123,1487,1735,1784
2012,Ireland,0,0,0,0,0,0,0,0,0,0,0,0,1647,1477,1667,1492,1409,1821,2360,1844,1736,2306,1838,2042
2012,Singapore,0,0,0,0,0,0,0,0,0,0,0,0,872209,873442,975489,954771,995478,1160941,1205228,1198582,1021447,1182146,1239277,1335258
2012,Indonesia,0,0,0,0,0,0,0,0,0,0,0,0,161164,175995,183520,177536,190898,219248,219297,199977,196293,225415,209238,236867
2012,Thailand,0,0,0,0,0,0,0,0,0,0,0,0,110761,89457,109448,130442,105412,93121,101474,98781,120448,113647,97327,92706
2012,Brunei Darussalam,0,0,0,0,0,0,0,0,0,0,0,0,85240,80065,125786,94698,91735,110641,92578,113764,90125,97398,107563,168477
2012,Philippines,0,0,0,0,0,0,0,0,0,0,0,0,31619,33033,36934,45480,47686,43423,40541,40590,41414,47385,48831,51808
2012,Vietnam,0,0,0,0,0,0,0,0,0,0,0,0,12210,17024,16535,17142,16881,22487,25701,19878,17017,15386,15176,15571
2012,Myanmar,0,0,0,0,0,0,0,0,0,0,0,0,5824,6166,6767,8283,7465,7421,7006,6004,6357,6006,7163,9011
2012,Cambodia,0,0,0,0,0,0,0,0,0,0,0,0,3224,2834,3252,4969,4496,4076,4870,3703,4305,4288,5349,4813
2012,Lao PDR,0,0,0,0,0,0,0,0,0,0,0,0,2694,2856,2468,2265,3264,3757,4652,3294,3257,3220,3286,3351
2012,South Africa,0,0,0,0,0,0,0,0,0,0,0,0,2681,1354,2354,2101,1472,2015,1787,1324,1761,1414,1691,3681
2012,India,0,0,0,0,0,0,0,0,0,0,0,0,59114,48137,48226,58993,85008,65626,56837,47732,45253,58962,63361,54022
2012,Iran,0,0,0,0,0,0,0,0,0,0,0,0,9239,11301,20826,8158,8185,9970,11425,15462,12334,7952,7849,4703
2012,Bangladesh,0,0,0,0,0,0,0,0,0,0,0,0,6935,5199,6532,6094,6913,7975,7625,8300,7615,7151,8907,7219
2012,Nepal,0,0,0,0,0,0,0,0,0,0,0,0,6552,6919,7005,7759,8584,14553,13361,11627,12214,11270,9665,13664
2012,Pakistan,0,0,0,0,0,0,0,0,0,0,0,0,6169,7826,6739,5965,6430,8466,8297,5125,7264,5443,6087,6178
2012,Sri Lanka,0,0,0,0,0,0,0,0,0,0,0,0,3391,5153,4352,7265,4307,4765,5118,5876,5493,5787,4889,6425
2012,Russian Federation,0,0,0,0,0,0,0,0,0,0,0,0,6834,4638,4351,3135,2502,2738,3202,2575,2500,3208,4060,5022
2012,Italy,0,0,0,0,0,0,0,0,0,0,0,0,3614,3659,3472,2980,2506,2822,4253,8649,2951,3144,3055,3225
2012,Poland,0,0,0,0,0,0,0,0,0,0,0,0,1214,1753,1348,883,0,0,1787,0,0,0,0,0
2012,Spain,0,0,0,0,0,0,0,0,0,0,0,0,0,0,0,0,1328,1541,2834,3797,2128,2295,1896,1674
2012,USA,0,0,0,0,0,0,0,0,0,0,0,0,18276,18442,20774,19207,19470,23359,24486,17665,17650,20395,19628,20782
2012,Canada,0,0,0,0,0,0,0,0,0,0,0,0,7643,7664,8146,7001,6608,6636,8096,6287,5811,7103,7526,8410
2012,Saudi Arabia,0,0,0,0,0,0,0,0,0,0,0,0,8956,4921,6708,5168,6204,22804,9521,8662,7603,12485,5039,4294
2012,Oman,0,0,0,0,0,0,0,0,0,0,0,0,2056,1849,1371,1499,2060,5687,0,1461,1660,1144,1952,1427
2012,Iraq,0,0,0,0,0,0,0,0,0,0,0,0,1053,1639,1010,984,1218,2125,2755,2755,2732,2195,1703,1643
2012,Turkey,0,0,0,0,0,0,0,0,0,0,0,0,625,1001,816,798,657,830,895,671,995,841,785,995
2012,UAE,0,0,0,0,0,0,0,0,0,0,0,0,0,0,2289,938,624,2552,0,3143,999,795,875,2150
2012,Kuwait,0,0,0,0,0,0,0,0,0,0,0,0,0,0,0,0,0,4688,0,4938,1508,1090,0,0
2012,Qatar,0,0,0,0,0,0,0,0,0,0,0,0,0,0,0,0,0,0,0,1908,0,0,0,0
2012,Germany,0,0,0,0,0,0,0,0,0,0,0,0,11344,13112,13603,10463,8787,8745,11774,12451,10585,10740,10781,10241
2012,France,0,0,0,0,0,0,0,0,0,0,0,0,10209,11763,13080,12841,9798,9490,15097,14923,8705,10084,9058,9775
2012,Netherlands,0,0,0,0,0,0,0,0,0,0,0,0,6957,7465,7072,6073,6073,6355,13266,8531,6495,7142,6533,6442
2012,Switzerland,0,0,0,0,0,0,0,0,0,0,0,0,2204,2446,2359,2360,1873,1816,3691,2167,1768,2324,2177,2175
2012,Austria,0,0,0,0,0,0,0,0,0,0,0,0,1094,1428,0,0,0,0,1501,0,0,0,0,0
2012,Belgium,0,0,0,0,0,0,0,0,0,0,0,0,0,0,1552,1251,1198,0,2128,1465,1375,1392,1390,1372
2013,Australia,0,0,0,0,0,0,0,0,0,0,0,0,53241,34224,43982,43350,38005,37321,43446,31378,48576,47598,40941,64280
2013,New Zealand,0,0,0,0,0,0,0,0,0,0,0,0,5634,3956,5201,5056,5076,4640,5386,4520,5519,5929,5380,6878
2013,Brazil,0,0,0,0,0,0,0,0,0,0,0,0,0,0,0,0,1272,0,1013,0,0,0,0,0
2013,China,0,0,0,0,0,0,0,0,0,0,0,0,138265,186866,168118,164175,149331,137001,186965,171449,147307,111730,104772,125444
2013,Japan,0,0,0,0,0,0,0,0,0,0,0,0,41179,46222,52023,35923,38673,36273,32260,41659,46797,43925,44886,53256
2013,Korea (ROK),0,0,0,0,0,0,0,0,0,0,0,0,31178,26397,21920,17485,19612,16624,31270,22317,20174,21125,21018,25502
2013,Chinese Taipei,0,0,0,0,0,0,0,0,0,0,0,0,23310,29114,19492,20400,21120,25430,35055,25533,24930,21123,20814,19945
2013,Egypt,0,0,0,0,0,0,0,0,0,0,0,0,1873,1515,1510,1552,1531,1598,0,1823,1938,2511,2124,2377
2013,Kazakhstan,0,0,0,0,0,0,0,0,0,0,0,0,3197,1944,1957,1033,0,1523,1378,1314,0,0,1485,2243
2013,Uzbekistan,0,0,0,0,0,0,0,0,0,0,0,0,2154,1397,0,0,0,0,0,0,0,0,0,1433
2013,Nigeria,0,0,0,0,0,0,0,0,0,0,0,0,0,0,0,0,1566,1364,1269,0,2040,1497,1392,0
2013,UK,0,0,0,0,0,0,0,0,0,0,0,0,33832,35939,45681,35057,32630,28147,30429,30795,32634,34718,33974,39636
2013,Sweden,0,0,0,0,0,0,0,0,0,0,0,0,6864,6751,5888,2715,2025,1816,1849,1369,1989,2721,3098,6375
2013,Finland,0,0,0,0,0,0,0,0,0,0,0,0,3049,2608,2563,1111,0,0,0,0,0,0,0,0
2013,Denmark,0,0,0,0,0,0,0,0,0,0,0,0,2435,2786,3107,1780,1843,1494,2611,1407,1588,2048,1823,2390
2013,Ireland,0,0,0,0,0,0,0,0,0,0,0,0,1875,1738,2324,1694,1672,1975,2105,1750,1998,2523,2129,2676
2013,Norway,0,0,0,0,0,0,0,0,0,0,0,0,1839,2182,3297,1605,1464,1601,1856,0,1548,1896,1713,2127
2013,Singapore,0,0,0,0,0,0,0,0,0,0,0,0,1035553,970401,1214164,959856,1029312,1086281,1137262,960077,1081175,1089119,1072400,1543174
2013,Indonesia,0,0,0,0,0,0,0,0,0,0,0,0,219297,182787,228335,195159,201427,215050,186000,219338,214498,212147,200323,273660
2013,Brunei Darussalam,0,0,0,0,0,0,0,0,0,0,0,0,105476,98569,126338,80407,80575,102171,90886,98470,93136,95235,88216,179392
2013,Thailand,0,0,0,0,0,0,0,0,0,0,0,0,80666,86331,108567,121586,101714,82819,86592,85933,92959,111723,104245,93317
2013,Philippines,0,0,0,0,0,0,0,0,0,0,0,0,41193,42524,47715,48418,53336,44192,41939,41742,42669,47862,46511,59046
2013,Vietnam,0,0,0,0,0,0,0,0,0,0,0,0,12912,17846,19375,19979,19891,22779,23854,18940,19217,20141,19035,21731
2013,Myanmar,0,0,0,0,0,0,0,0,0,0,0,0,8034,8087,8450,9897,9154,6630,5544,5091,5534,6844,8269,9206
2013,Cambodia,0,0,0,0,0,0,0,0,0,0,0,0,4468,5063,5226,6725,6237,4789,4986,4919,4874,5697,5368,6182
2013,Lao PDR,0,0,0,0,0,0,0,0,0,0,0,0,2660,2816,2673,2073,2778,3389,4142,3259,3011,3000,2704,3171
2013,South Africa,0,0,0,0,0,0,0,0,0,0,0,0,2056,1299,2549,1772,1619,1567,1301,1352,1767,1442,1497,4252
2013,India,0,0,0,0,0,0,0,0,0,0,0,0,50624,49301,55559,58829,78214,55782,45587,42276,45962,50830,54290,63735
2013,Nepal,0,0,0,0,0,0,0,0,0,0,0,0,13148,9108,12385,11303,11826,10892,12888,9346,7461,8897,7758,17136
2013,Bangladesh,0,0,0,0,0,0,0,0,0,0,0,0,8662,9995,9781,9985,10254,8911,6789,9947,11957,14716,15925,17741
2013,Pakistan,0,0,0,0,0,0,0,0,0,0,0,0,6497,6379,7558,6359,6302,7484,4175,5363,7625,7493,7777,8385
2013,Sri Lanka,0,0,0,0,0,0,0,0,0,0,0,0,4967,5338,5684,7949,5321,3786,3973,4892,5200,5015,5411,6515
2013,Iran,0,0,0,0,0,0,0,0,0,0,0,0,4950,6065,10528,5038,4969,6207,4239,6200,8534,7088,7303,7195
2013,Russian Federation,0,0,0,0,0,0,0,0,0,0,0,0,7790,5160,6069,3933,3678,2456,3052,2571,2963,3792,4518,7221
2013,Italy,0,0,0,0,0,0,0,0,0,0,0,0,4020,3720,4177,3125,2736,2760,3226,6879,3355,3495,3117,4643
2013,Poland,0,0,0,0,0,0,0,0,0,0,0,0,1499,1819,1872,1428,0,0,1291,0,0,0,0,0
2013,Spain,0,0,0,0,0,0,0,0,0,0,0,0,0,0,0,0,1596,1488,2341,3268,2447,2742,2395,2397
2013,USA,0,0,0,0,0,0,0,0,0,0,0,0,20224,20965,23921,19797,20898,21430,19313,16536,19008,19795,20352,24697
2013,Canada,0,0,0,0,0,0,0,0,0,0,0,0,8084,8737,9276,7135,7213,6098,6405,5811,6101,7112,7164,9768
2013,Saudi Arabia,0,0,0,0,0,0,0,0,0,0,0,0,9646,4225,8404,4882,6432,19719,1603,12161,6135,10855,6252,4672
2013,Oman,0,0,0,0,0,0,0,0,0,0,0,0,2370,1699,1509,1842,2044,5038,0,3014,2398,1741,2129,2065
2013,Iraq,0,0,0,0,0,0,0,0,0,0,0,0,1343,2177,1718,1437,1543,2108,1363,3174,3036,3423,3100,3447
2013,Turkey,0,0,0,0,0,0,0,0,0,0,0,0,1012,1086,986,802,951,827,852,941,1053,1646,1397,1222
2013,UAE,0,0,0,0,0,0,0,0,0,0,0,0,0,0,1636,1995,709,2114,0,4693,1122,1553,1099,3332
2013,Kuwait,0,0,0,0,0,0,0,0,0,0,0,0,0,0,0,0,0,1835,0,6270,2013,1991,0,0
2013,Qatar,0,0,0,0,0,0,0,0,0,0,0,0,0,0,0,0,0,0,0,2527,0,0,0,0
2013,Germany,0,0,0,0,0,0,0,0,0,0,0,0,11529,12252,15374,11301,9955,8489,9336,10863,12135,11316,11654,12545
2013,France,0,0,0,0,0,0,0,0,0,0,0,0,11128,12398,16796,13643,12507,8673,11329,12672,10477,11844,11175,12466
2013,Netherlands,0,0,0,0,0,0,0,0,0,0,0,0,7158,7186,7293,6506,6480,5571,8714,7054,6774,6795,6769,7655
2013,Switzerland,0,0,0,0,0,0,0,0,0,0,0,0,2583,2524,2696,2438,2129,1675,3060,1955,1983,2366,2134,2648
2013,Austria,0,0,0,0,0,0,0,0,0,0,0,0,1412,1470,0,0,0,0,1230,0,0,0,0,0
2013,Belgium,0,0,0,0,0,0,0,0,0,0,0,0,0,0,1988,1236,1447,0,1960,1323,1581,1497,1411,1620
2014,Australia,0,0,0,0,0,0,0,0,0,0,0,0,70801,37716,48145,55009,41699,42892,51093,38638,48620,45216,39240,52259
2014,New Zealand,0,0,0,0,0,0,0,0,0,0,0,0,7128,4473,5343,6262,5505,5647,6625,5304,5454,5509,4812,5386
2014,Brazil,0,0,0,0,0,0,0,0,0,0,0,0,0,0,0,0,1209,847,0,0,0,0,0,0
2014,China,0,0,0,0,0,0,0,0,0,0,0,0,172396,180069,168001,132158,102072,96181,146493,149211,121183,118289,119092,108210
2014,Japan,0,0,0,0,0,0,0,0,0,0,0,0,46805,46685,56369,37692,42431,37105,41331,58754,48959,44643,46692,45640
2014,Korea (ROK),0,0,0,0,0,0,0,0,0,0,0,0,42207,35443,31364,24739,29449,25881,35262,43127,27297,30724,29162,31114
2014,Chinese Taipei,0,0,0,0,0,0,0,0,0,0,0,0,25938,24197,20462,18434,20335,22993,36603,30188,18940,20131,19100,17344
2014,Egypt,0,0,0,0,0,0,0,0,0,0,0,0,2473,2311,2094,2133,2096,2064,1392,2930,2372,2534,1950,1873
2014,Kazakhstan,0,0,0,0,0,0,0,0,0,0,0,0,2707,1893,1798,1130,1211,1106,1375,1460,1197,1312,1526,1357
2014,Uzbekistan,0,0,0,0,0,0,0,0,0,0,0,0,2646,0,0,0,0,0,0,0,0,0,0,0
2014,Nigeria,0,0,0,0,0,0,0,0,0,0,0,0,0,0,0,0,0,0,0,0,1619,0,0,0
2014,UK,0,0,0,0,0,0,0,0,0,0,0,0,41443,38102,46269,39693,34234,31281,36438,39862,33512,36374,34723,33858
2014,Sweden,0,0,0,0,0,0,0,0,0,0,0,0,7097,5671,4712,2894,1645,2069,2349,1238,1230,1805,2579,4838
2014,Finland,0,0,0,0,0,0,0,0,0,0,0,0,3486,2801,2668,1407,0,0,0,0,0,0,0,0
2014,Ireland,0,0,0,0,0,0,0,0,0,0,0,0,2968,2188,2546,2417,1916,2047,2425,2254,2043,2448,2035,2035
2014,Denmark,0,0,0,0,0,0,0,0,0,0,0,0,2949,3117,3019,2479,1697,1608,3144,1864,1677,2306,1897,1946
2014,Norway,0,0,0,0,0,0,0,0,0,0,0,0,2326,2236,2449,2232,0,1434,1987,1509,0,1691,1714,1729
2014,Singapore,0,0,0,0,0,0,0,0,0,0,0,0,1203449,1049961,1294891,1110604,1140478,1295684,1141012,1080534,1163986,1103055,1059220,1290093
2014,Indonesia,0,0,0,0,0,0,0,0,0,0,0,0,250264,199203,226861,199776,237398,241027,229257,229838,245830,261573,229033,277473
2014,Thailand,0,0,0,0,0,0,0,0,0,0,0,0,107648,97125,128358,126632,114492,109227,89678,114951,91347,122688,106103,91049
2014,Brunei Darussalam,0,0,0,0,0,0,0,0,0,0,0,0,95792,78997,121330,78055,114025,111632,99932,87105,93668,104575,98561,129438
2014,Philippines,0,0,0,0,0,0,0,0,0,0,0,0,51070,42526,51336,55928,64695,51101,45483,48417,48467,54290,51248,53977
2014,Vietnam,0,0,0,0,0,0,0,0,0,0,0,0,18245,23839,23123,22210,25644,29354,33388,25960,21648,22090,20102,20113
2014,Myanmar,0,0,0,0,0,0,0,0,0,0,0,0,8581,6818,7815,8754,9058,6454,4743,5999,8467,8141,8823,11699
2014,Cambodia,0,0,0,0,0,0,0,0,0,0,0,0,5717,5554,5345,7099,6970,6072,5484,5963,6192,6449,7159,5696
2014,Lao PDR,0,0,0,0,0,0,0,0,0,0,0,0,2949,2920,2748,2391,3177,2349,1734,1863,1653,1559,2045,1239
2014,South Africa,0,0,0,0,0,0,0,0,0,0,0,0,2274,1416,2345,2172,1718,1350,1378,1649,1675,1651,1544,3495
2014,India,0,0,0,0,0,0,0,0,0,0,0,0,62796,49388,60715,62437,93162,63950,52983,57884,63612,76408,60631,66142
2014,Bangladesh,0,0,0,0,0,0,0,0,0,0,0,0,18059,14144,15539,13783,15038,15212,13091,15749,15310,19682,23796,25015
2014,Nepal,0,0,0,0,0,0,0,0,0,0,0,0,15039,11175,14988,14949,18119,5972,5661,16356,11750,6813,16745,21577
2014,Pakistan,0,0,0,0,0,0,0,0,0,0,0,0,7557,6612,7869,7053,7631,8551,5085,8425,9574,9087,9659,10041
2014,Iran,0,0,0,0,0,0,0,0,0,0,0,0,6160,5802,11689,4431,5121,4923,4856,6175,7301,5465,4614,5727
2014,Sri Lanka,0,0,0,0,0,0,0,0,0,0,0,0,4819,4918,5305,7460,5791,3907,2924,5637,5105,5097,5548,5159
2014,Russian Federation,0,0,0,0,0,0,0,0,0,0,0,0,10383,6506,6946,4314,3856,3380,3551,3490,3468,4306,5448,6197
2014,Italy,0,0,0,0,0,0,0,0,0,0,0,0,5198,4388,4513,3863,3452,3212,4151,10010,3792,3899,4000,4732
2014,Spain,0,0,0,0,0,0,0,0,0,0,0,0,2491,2305,2700,2658,2537,2365,3461,4940,3278,3347,2837,2470
2014,Poland,0,0,0,0,0,0,0,0,0,0,0,0,0,2296,2237,1425,0,0,0,0,1538,1467,2196,1510
2014,Sudan,0,0,0,0,0,0,0,0,0,0,0,0,0,0,0,0,1443,0,0,0,0,0,0,0
2014,USA,0,0,0,0,0,0,0,0,0,0,0,0,25161,21512,26218,21153,21358,22112,21534,21129,18856,20867,21463,20743
2014,Canada,0,0,0,0,0,0,0,0,0,0,0,0,10188,8565,10068,7570,7590,6024,6976,7281,5882,7073,7612,7932
2014,Saudi Arabia,0,0,0,0,0,0,0,0,0,0,0,0,11743,5326,9962,5651,7323,12775,7681,23612,13368,6852,5667,3961
2014,Oman,0,0,0,0,0,0,0,0,0,0,0,0,3321,2448,1852,2069,2917,4603,1334,7147,2235,2708,2092,1808
2014,Kuwait,0,0,0,0,0,0,0,0,0,0,0,0,3064,0,0,0,0,0,2115,5269,0,0,0,0
2014,Turkey,0,0,0,0,0,0,0,0,0,0,0,0,1750,1556,1464,1545,1487,1280,1361,1314,1176,1272,1174,1114
2014,UAE,0,0,0,0,0,0,0,0,0,0,0,0,978,947,2103,1825,919,1160,1507,5191,800,1182,874,2286
2014,Iraq,0,0,0,0,0,0,0,0,0,0,0,0,0,2625,2084,1587,1632,2306,2303,3167,2809,3037,1964,2091
2014,Qatar,0,0,0,0,0,0,0,0,0,0,0,0,0,0,0,0,0,0,0,2407,0,0,0,0
2014,France,0,0,0,0,0,0,0,0,0,0,0,0,14728,14899,17761,15573,13322,9504,16523,21489,10933,13634,10533,11074
2014,Germany,0,0,0,0,0,0,0,0,0,0,0,0,14132,13957,16958,13583,11826,9242,11451,15475,14130,12975,13245,11479
2014,Netherlands,0,0,0,0,0,0,0,0,0,0,0,0,8698,7272,8210,7765,7175,5854,12652,10846,7468,7713,7198,7137
2014,Switzerland,0,0,0,0,0,0,0,0,0,0,0,0,3092,2635,2826,2807,2341,1759,3311,2578,2121,2354,2381,2351
2014,Belgium,0,0,0,0,0,0,0,0,0,0,0,0,0,0,0,0,1552,1418,2221,0,1772,1637,1725,1411
2015,Australia,0,0,0,0,0,0,0,0,0,0,0,0,56537,27938,36562,47363,27674,34353,50940,36783,46571,41914,33354,46959
2015,New Zealand,0,0,0,0,0,0,0,0,0,0,0,0,5838,3683,4679,5630,4274,4868,6076,4900,5398,5400,4562,5538
2015,Brazil,0,0,0,0,0,0,0,0,0,0,0,0,0,0,0,0,1019,1072,1542,897,1100,1004,947,687
2015,China,0,0,0,0,0,0,0,0,0,0,0,0,118980,136507,123778,127555,120474,124089,172800,189325,138997,129890,124720,170048
2015,Korea (ROK),0,0,0,0,0,0,0,0,0,0,0,0,55297,36515,29366,28773,29136,25926,37299,42512,27014,32190,34200,42933
2015,Japan,0,0,0,0,0,0,0,0,0,0,0,0,43446,36164,45729,35393,33462,29804,39967,52575,45423,39534,38278,43794
2015,Chinese Taipei,0,0,0,0,0,0,0,0,0,0,0,0,24053,26115,19268,20462,21482,24683,36760,31498,21661,21367,20265,15610
2015,Egypt,0,0,0,0,0,0,0,0,0,0,0,0,2197,1473,1948,2459,1790,1455,2144,2956,3118,1945,1811,2341
2015,Uzbekistan,0,0,0,0,0,0,0,0,0,0,0,0,2352,0,0,0,0,0,0,0,0,0,0,0
2015,Kazakhstan,0,0,0,0,0,0,0,0,0,0,0,0,2305,1290,1649,1148,694,922,1587,1508,1223,881,1219,984
2015,UK,0,0,0,0,0,0,0,0,0,0,0,0,37298,33092,40138,36438,27787,27061,34531,35634,29602,32964,32917,33557
2015,Sweden,0,0,0,0,0,0,0,0,0,0,0,0,5843,4525,3684,2813,1542,1827,1980,1372,1713,2485,2789,5013
2015,Denmark,0,0,0,0,0,0,0,0,0,0,0,0,2714,2616,2838,2172,1355,1411,2901,1536,1492,1888,1573,1617
2015,Finland,0,0,0,0,0,0,0,0,0,0,0,0,2462,1858,1938,1215,0,0,0,0,0,0,0,0
2015,Ireland,0,0,0,0,0,0,0,0,0,0,0,0,2343,1731,2149,1897,1563,1793,2272,2024,1752,1856,1806,1560
2015,Norway,0,0,0,0,0,0,0,0,0,0,0,0,2051,1737,2201,1828,0,1382,1869,1201,1256,1211,1449,1463
2015,Singapore,0,0,0,0,0,0,0,0,0,0,0,0,1125425,991529,1124697,1015092,1135754,999658,1096513,1061084,1080906,1021024,990371,1288701
2015,Indonesia,0,0,0,0,0,0,0,0,0,0,0,0,250100,183345,237766,205969,227933,208773,228684,205727,206892,247329,250885,334630
2015,Thailand,0,0,0,0,0,0,0,0,0,0,0,0,103452,94140,113472,131824,111107,100540,106195,105246,100195,127947,105606,143845
2015,Brunei Darussalam,0,0,0,0,0,0,0,0,0,0,0,0,100687,94495,110717,93212,88433,65868,99532,90154,87327,91028,83777,128325
2015,Philippines,0,0,0,0,0,0,0,0,0,0,0,0,49211,41393,48199,59340,55242,39639,36547,39682,44183,45937,44740,50804
2015,Vietnam,0,0,0,0,0,0,0,0,0,0,0,0,17334,13817,23442,19767,16386,19451,24166,24740,17482,17990,17127,17924
2015,Myanmar,0,0,0,0,0,0,0,0,0,0,0,0,9276,6027,6904,5599,5194,4084,3860,3994,4283,3502,5629,8201
2015,Cambodia,0,0,0,0,0,0,0,0,0,0,0,0,5805,5081,5870,8029,6265,5678,5922,6335,6332,7407,7164,5171
2015,Lao PDR,0,0,0,0,0,0,0,0,0,0,0,0,1467,1244,1625,2286,2168,2040,2495,2338,2275,2209,2173,2128
2015,South Africa,0,0,0,0,0,0,0,0,0,0,0,0,2133,1074,2001,2085,1463,1264,1463,1396,1723,1516,1409,3098
2015,India,0,0,0,0,0,0,0,0,0,0,0,0,67327,48465,61404,66791,78157,56510,51488,53699,55979,64947,54749,62625
2015,Bangladesh,0,0,0,0,0,0,0,0,0,0,0,0,19181,17570,13954,7421,8980,7983,10847,9607,11627,8151,12696,19135
2015,Nepal,0,0,0,0,0,0,0,0,0,0,0,0,18249,11965,17021,11337,1263,1674,1530,4089,4535,2620,5224,13652
2015,Pakistan,0,0,0,0,0,0,0,0,0,0,0,0,6776,6098,9927,5411,3945,4531,4920,5256,4663,4218,5844,7523
2015,Iran,0,0,0,0,0,0,0,0,0,0,0,0,5822,4736,10720,3356,4003,4076,4816,4439,6279,5714,4577,6528
2015,Sri Lanka,0,0,0,0,0,0,0,0,0,0,0,0,3528,3022,4275,5391,4391,2906,3379,5197,4703,4668,4289,5588
2015,Russian Federation,0,0,0,0,0,0,0,0,0,0,0,0,9498,5102,5198,4065,3494,2950,3661,3561,3331,4050,4789,5564
2015,Italy,0,0,0,0,0,0,0,0,0,0,0,0,5058,3996,4590,3739,2798,2849,4197,9811,3615,3941,3627,3725
2015,Spain,0,0,0,0,0,0,0,0,0,0,0,0,2654,2513,2876,2572,1947,2087,3709,5996,3437,3935,3185,1781
2015,Poland,0,0,0,0,0,0,0,0,0,0,0,0,0,1680,1855,1283,0,0,0,0,0,0,0,0
2015,Sudan,0,0,0,0,0,0,0,0,0,0,0,0,0,0,0,0,1120,0,0,0,0,0,0,0
2015,USA,0,0,0,0,0,0,0,0,0,0,0,0,22351,18620,22478,21661,18420,18856,21781,18377,17759,18922,18737,19806
2015,Canada,0,0,0,0,0,0,0,0,0,0,0,0,8341,7218,8470,6698,5901,4966,6401,6633,5223,6180,6452,7074
2015,Saudi Arabia,0,0,0,0,0,0,0,0,0,0,0,0,9631,4098,9936,5696,5260,5774,16613,13935,13404,5756,4827,4824
2015,Oman,0,0,0,0,0,0,0,0,0,0,0,0,4016,1863,1566,2657,1687,1561,4757,6452,1706,2011,1907,1751
2015,Kuwait,0,0,0,0,0,0,0,0,0,0,0,0,2662,0,0,0,0,0,0,0,0,0,0,0
2015,Turkey,0,0,0,0,0,0,0,0,0,0,0,0,1711,1366,1487,1479,1056,954,1173,1244,1670,1029,1074,1152
2015,UAE,0,0,0,0,0,0,0,0,0,0,0,0,912,541,1663,1586,436,346,2811,2919,871,804,824,2056
2015,Iraq,0,0,0,0,0,0,0,0,0,0,0,0,0,1750,1369,1336,1065,1097,1651,2191,2658,1559,1394,2072
2015,France,0,0,0,0,0,0,0,0,0,0,0,0,13920,13776,14501,14016,11347,8817,15785,18378,10011,11809,9549,9565
2015,Germany,0,0,0,0,0,0,0,0,0,0,0,0,13603,12145,16231,12659,9894,8409,11046,13865,12686,12357,11998,10017
2015,Netherlands,0,0,0,0,0,0,0,0,0,0,0,0,7887,6155,6988,6425,6032,5278,10854,8751,6566,6978,6332,6338
2015,Switzerland,0,0,0,0,0,0,0,0,0,0,0,0,2707,2307,2422,2723,1877,1680,3294,2141,1940,2333,2395,2322
2015,Belgium,0,0,0,0,0,0,0,0,0,0,0,0,0,0,0,0,1325,1285,2445,1819,1667,1537,1362,1100
2016,Australia,0,0,0,0,0,0,0,0,0,0,0,0,43492,26090,28017,32207,21285,28462,35410,27587,34484,31764,29478,39451
2016,New Zealand,0,0,0,0,0,0,0,0,0,0,0,0,5357,3623,3830,4049,3542,4200,5621,4388,4387,5924,3890,4541
2016,Brazil,0,0,0,0,0,0,0,0,0,0,0,0,643,588,391,351,493,548,643,463,444,529,579,626
2016,China,0,0,0,0,0,0,0,0,0,0,0,0,162340,181028,169575,170293,156634,152593,195467,218487,156939,191741,157264,212581
2016,Korea (ROK),0,0,0,0,0,0,0,0,0,0,0,0,61933,47349,30563,31218,29293,27667,34429,42117,29565,34025,33975,42305
2016,Japan,0,0,0,0,0,0,0,0,0,0,0,0,39232,34308,38412,33305,28376,25060,30137,40318,32946,37328,34571,39775
2016,Chinese Taipei,0,0,0,0,0,0,0,0,0,0,0,0,26218,29510,19769,22099,20128,23342,40877,34274,25643,19469,20277,19255
2016,Egypt,0,0,0,0,0,0,0,0,0,0,0,0,3589,2552,2232,2159,2051,1255,3556,2977,3461,2389,2033,1977
2016,Kazakhstan,0,0,0,0,0,0,0,0,0,0,0,0,1959,1019,857,800,480,407,1216,1002,826,656,677,818
2016,UK,0,0,0,0,0,0,0,0,0,0,0,0,38566,34174,40459,38879,28694,25541,35140,36889,28173,34560,29146,30048
2016,Sweden,0,0,0,0,0,0,0,0,0,0,0,0,6492,4538,3127,1691,1150,1415,2270,1430,1544,2126,2829,4249
2016,Denmark,0,0,0,0,0,0,0,0,0,0,0,0,2718,2433,1455,1672,726,881,2928,1599,1534,2054,1744,1868
2016,Ireland,0,0,0,0,0,0,0,0,0,0,0,0,1999,1442,1289,884,952,1168,2302,2076,1475,1522,1423,1676
2016,Norway,0,0,0,0,0,0,0,0,0,0,0,0,1604,1713,1640,1519,516,806,1785,942,1009,843,1178,1154
2016,Singapore,0,0,0,0,0,0,0,0,0,0,0,0,1135104,997121,1125822,1014016,1130075,1194314,1059679,1075069,1095495,1130947,998206,1317113
2016,Indonesia,0,0,0,0,0,0,0,0,0,0,0,0,278505,229558,218080,208508,232381,211667,293253,248249,212351,324983,258803,333626
2016,Thailand,0,0,0,0,0,0,0,0,0,0,0,0,128216,132281,149245,174646,155678,124387,152493,150047,144261,158825,150311,160410
2016,Brunei Darussalam,0,0,0,0,0,0,0,0,0,0,0,0,100183,97235,123867,113044,104136,98904,110140,110531,122407,125342,107045,178182
2016,Philippines,0,0,0,0,0,0,0,0,0,0,0,0,47095,36840,29184,36406,38669,31969,31247,28396,34976,33489,28936,40239
2016,Vietnam,0,0,0,0,0,0,0,0,0,0,0,0,16346,15797,14375,15633,15911,25175,26030,22234,16555,17134,16571,15116
2016,Myanmar,0,0,0,0,0,0,0,0,0,0,0,0,7347,3621,3287,4129,3459,3761,3385,3248,3382,4211,3638,5707
2016,Cambodia,0,0,0,0,0,0,0,0,0,0,0,0,5471,5873,4788,5089,5368,5236,5617,5361,4862,4320,5305,4554
2016,Lao PDR,0,0,0,0,0,0,0,0,0,0,0,0,2069,2329,2476,2088,2251,2519,3246,3587,2725,1944,2868,2959
2016,South Africa,0,0,0,0,0,0,0,0,0,0,0,0,2020,1156,1622,1366,1151,1320,1720,1544,1691,1228,1378,3857
2016,India,0,0,0,0,0,0,0,0,0,0,0,0,67529,49200,52193,66056,72698,52177,46648,44793,41452,47784,46720,51328
2016,Bangladesh,0,0,0,0,0,0,0,0,0,0,0,0,15594,13705,6988,6682,7142,5757,11333,7717,8836,8988,8321,13544
2016,Nepal,0,0,0,0,0,0,0,0,0,0,0,0,9727,8844,10193,6632,1673,1777,1684,2107,1348,1674,3217,11600
2016,Iran,0,0,0,0,0,0,0,0,0,0,0,0,6397,6143,5424,1611,2190,2273,3802,3524,3921,4021,3049,4747
2016,Pakistan,0,0,0,0,0,0,0,0,0,0,0,0,5509,3906,5469,3308,4003,2854,7629,6141,4454,5015,4280,5820
2016,Sri Lanka,0,0,0,0,0,0,0,0,0,0,0,0,3482,3649,1837,2905,2239,1522,1491,1879,2818,3115,3566,4837
2016,Russian Federation,0,0,0,0,0,0,0,0,0,0,0,0,10733,4282,3639,3862,2278,1662,3126,3410,3072,3439,5239,6151
2016,Italy,0,0,0,0,0,0,0,0,0,0,0,0,4492,3273,2196,2774,1956,1414,3813,10176,3022,3505,2923,3203
2016,Spain,0,0,0,0,0,0,0,0,0,0,0,0,2572,2068,1558,1530,1404,1035,3655,5208,2320,2636,2135,1897
2016,USA,0,0,0,0,0,0,0,0,0,0,0,0,22843,18042,19106,22679,13985,17368,19715,15958,16764,18042,15623,16950
2016,Canada,0,0,0,0,0,0,0,0,0,0,0,0,8892,7631,6794,5224,5145,4760,6300,5585,4349,6403,5179,6075
2016,Saudi Arabia,0,0,0,0,0,0,0,0,0,0,0,0,12517,4466,11526,6254,6133,2280,24263,28952,11038,3819,8502,4128
2016,Oman,0,0,0,0,0,0,0,0,0,0,0,0,4907,2042,1074,1315,1152,307,6498,3964,838,166,725,782
2016,Iraq,0,0,0,0,0,0,0,0,0,0,0,0,1760,1882,1359,1215,1263,949,3056,2683,4002,1182,1397,1785
2016,Turkey,0,0,0,0,0,0,0,0,0,0,0,0,1428,1516,829,1204,757,406,1436,1187,1366,890,1038,972
2016,UAE,0,0,0,0,0,0,0,0,0,0,0,0,977,521,1606,841,481,263,3221,2459,824,672,629,1656
2016,France,0,0,0,0,0,0,0,0,0,0,0,0,14491,12581,11601,14857,8476,7156,14898,16371,8188,9505,7832,8301
2016,Germany,0,0,0,0,0,0,0,0,0,0,0,0,13004,12402,13137,13089,8335,7333,10004,12724,10390,11417,9528,8913
2016,Netherlands,0,0,0,0,0,0,0,0,0,0,0,0,6751,5239,3207,5526,3360,2859,11723,10202,6106,6304,5454,5469
2016,Switzerland,0,0,0,0,0,0,0,0,0,0,0,0,2609,2639,2439,2081,1802,1623,3316,2132,1778,2132,1987,2090
2016,Belgium,0,0,0,0,0,0,0,0,0,0,0,0,1123,1278,900,632,529,572,2221,1851,1405,1461,1189,1122
2017,Australia,0,0,0,0,0,0,0,0,0,0,0,0,42405,22254,25068,34996,20245,25356,32963,23828,31265,29160,30919,32773
2017,New Zealand,0,0,0,0,0,0,0,0,0,0,0,0,4626,2947,3567,4846,3624,4563,6298,4870,5327,5870,4116,5269
2017,China,0,0,0,0,0,0,0,0,0,0,0,0,194861,182679,173838,184240,169708,172401,222441,223678,177361,195219,171418,213822
2017,Korea (ROK),0,0,0,0,0,0,0,0,0,0,0,0,53139,41699,35802,30415,27947,29460,42349,46701,40339,43110,42531,51036
2017,Japan,0,0,0,0,0,0,0,0,0,0,0,0,30034,35631,38982,27696,27105,24533,30975,42160,35825,33653,33879,32304
2017,Chinese Taipei,0,0,0,0,0,0,0,0,0,0,0,0,26410,28322,25197,25834,25397,27227,38281,34609,26913,32646,21760,20331
2017,Egypt,0,0,0,0,0,0,0,0,0,0,0,0,2262,1941,1894,2418,1517,1489,2439,2710,1907,1625,1513,2045
2017,Kazakhstan,0,0,0,0,0,0,0,0,0,0,0,0,1371,944,908,676,679,1031,1353,1305,911,1093,981,1325
2017,UK,0,0,0,0,0,0,0,0,0,0,0,0,33244,28217,29699,33003,24440,25325,34707,36765,30917,30014,25212,27275
2017,Sweden,0,0,0,0,0,0,0,0,0,0,0,0,5006,4961,4144,3146,1584,2004,2278,1385,1602,2277,2227,3690
2017,Denmark,0,0,0,0,0,0,0,0,0,0,0,0,2571,3116,2373,2544,1148,1356,2823,1509,1502,1600,1308,1369
2017,Ireland,0,0,0,0,0,0,0,0,0,0,0,0,1811,1533,1786,1976,1395,1675,2233,2082,1659,1779,1446,1479
2017,Norway,0,0,0,0,0,0,0,0,0,0,0,0,1310,1440,1511,1723,757,1164,1865,711,808,955,897,980
2017,Singapore,0,0,0,0,0,0,0,0,0,0,0,0,1169157,976491,1068479,956849,1047373,1082293,1019517,941474,1018273,952993,959897,1248917
2017,Indonesia,0,0,0,0,0,0,0,0,0,0,0,0,250710,218336,235283,258602,203136,234474,250818,214670,207674,239808,229656,253403
2017,Thailand,0,0,0,0,0,0,0,0,0,0,0,0,153374,153461,172459,180157,153503,130120,153732,138900,134963,161720,159237,144896
2017,Brunei Darussalam,0,0,0,0,0,0,0,0,0,0,0,0,148292,125997,193307,160572,113252,144717,130810,133812,146090,103072,107968,152617
2017,Philippines,0,0,0,0,0,0,0,0,0,0,0,0,26732,24082,27618,35625,29276,34358,31122,31047,31270,33208,30104,36117
2017,Vietnam,0,0,0,0,0,0,0,0,0,0,0,0,17008,18093,18866,19841,19053,29059,31963,24493,19101,18576,16593,16281
2017,Cambodia,0,0,0,0,0,0,0,0,0,0,0,0,4047,4210,2984,3422,2808,2758,3031,3266,4397,4020,3984,3077
2017,Myanmar,0,0,0,0,0,0,0,0,0,0,0,0,3540,2633,3304,4638,3010,3811,3354,3748,3279,3507,3315,4175
2017,Lao PDR,0,0,0,0,0,0,0,0,0,0,0,0,2875,3269,3053,2946,2254,3612,4178,4093,3400,3267,3112,3401
2017,South Africa,0,0,0,0,0,0,0,0,0,0,0,0,1813,1108,1607,2073,1150,1157,1805,1461,2073,1636,1290,4387
2017,India,0,0,0,0,0,0,0,0,0,0,0,0,38068,33210,38422,43974,65422,49315,45499,40348,42129,53172,50505,52675
2017,Bangladesh,0,0,0,0,0,0,0,0,0,0,0,0,12038,9002,9915,10755,9135,10380,10225,7942,9007,6971,6298,10168
2017,Pakistan,0,0,0,0,0,0,0,0,0,0,0,0,5117,4725,5275,4680,3353,3728,7592,4732,3728,3351,3007,4165
2017,Nepal,0,0,0,0,0,0,0,0,0,0,0,0,1865,1513,2217,2052,1310,1147,1601,1629,2097,2388,1195,1539
2017,Iran,0,0,0,0,0,0,0,0,0,0,0,0,1491,5269,5112,1601,3505,5844,6075,6987,9055,5005,4359,4720
2017,Sri Lanka,0,0,0,0,0,0,0,0,0,0,0,0,1299,1110,1294,3142,2934,3440,3883,6339,4402,5227,5021,5647
2017,Russian Federation,0,0,0,0,0,0,0,0,0,0,0,0,9510,7675,7359,5756,4087,3641,3953,4039,3776,4725,5754,7289
2017,Italy,0,0,0,0,0,0,0,0,0,0,0,0,3966,3348,3387,3080,2373,2339,3977,9426,3525,3348,2677,3192
2017,Ukraine,0,0,0,0,0,0,0,0,0,0,0,0,2134,1701,1491,1190,901,651,643,715,811,862,877,1092
2017,Spain,0,0,0,0,0,0,0,0,0,0,0,0,2028,1992,2195,2790,1909,2229,4342,6510,3420,3352,2376,2006
2017,Poland,0,0,0,0,0,0,0,0,0,0,0,0,1776,2296,1963,1752,1138,1262,1779,1852,1712,1410,1751,1376
2017,USA,0,0,0,0,0,0,0,0,0,0,0,0,19257,15370,17610,17148,13771,16665,19173,15482,14618,16628,14993,17488
2017,Canada,0,0,0,0,0,0,0,0,0,0,0,0,6336,6026,6657,6126,4949,4472,5590,5348,4468,5407,5362,6315
2017,Saudi Arabia,0,0,0,0,0,0,0,0,0,0,0,0,9360,6331,6642,6546,2603,4351,22442,21628,8535,4351,3903,3857
2017,Iraq,0,0,0,0,0,0,0,0,0,0,0,0,1436,2145,1284,1146,837,1589,1898,2420,2191,875,1197,1537
2017,Turkey,0,0,0,0,0,0,0,0,0,0,0,0,1374,1150,1147,1185,957,904,1546,1495,1287,1158,1274,1117
2017,UAE,0,0,0,0,0,0,0,0,0,0,0,0,450,324,986,487,234,417,1834,1809,428,286,338,962
2017,France,0,0,0,0,0,0,0,0,0,0,0,0,9711,12490,10814,11731,8537,7957,16206,18022,9492,10172,7742,8794
2017,Germany,0,0,0,0,0,0,0,0,0,0,0,0,9642,11954,11727,10344,6873,6458,8705,10428,9224,9289,7780,7392
2017,Netherlands,0,0,0,0,0,0,0,0,0,0,0,0,5922,5851,5913,7080,4979,4779,10672,8716,6478,6251,4502,4742
2017,Switzerland,0,0,0,0,0,0,0,0,0,0,0,0,2311,2457,2332,2430,1248,974,2029,1493,1230,1558,1301,1412
2017,Belgium,0,0,0,0,0,0,0,0,0,0,0,0,1229,1274,1503,1739,1038,1098,2529,1760,1699,1244,1158,1056
2018,Australia,0,0,0,0,0,0,0,0,0,0,0,0,37869,24070,27332,29415,22561,25868,35636,25428,29831,30080,26093,37317
2018,New Zealand,0,0,0,0,0,0,0,0,0,0,0,0,4806,3475,3846,4620,3699,3934,5369,4286,3701,4508,3616,4838
2018,China,0,0,0,0,0,0,0,0,0,0,0,0,228621,296084,249027,235266,233271,222642,295096,303867,219278,238797,189973,232211
2018,Korea (ROK),0,0,0,0,0,0,0,0,0,0,0,0,68621,56077,42362,36684,41825,46460,64496,61224,45255,47754,52851,53174
2018,Japan,0,0,0,0,0,0,0,0,0,0,0,0,32736,33620,37695,27190,28337,26476,32886,45088,34824,33298,29943,32447
2018,Chinese Taipei,0,0,0,0,0,0,0,0,0,0,0,0,30938,35748,29043,31324,31523,32921,48411,40453,30779,28968,23172,20642
2018,Egypt,0,0,0,0,0,0,0,0,0,0,0,0,3426,2000,1948,2311,1534,1991,2877,2906,2419,2089,1841,2567
2018,Kazakhstan,0,0,0,0,0,0,0,0,0,0,0,0,1753,1477,1345,1067,743,952,1279,1094,701,891,1148,1411
2018,UK,0,0,0,0,0,0,0,0,0,0,0,0,29235,32192,34025,30688,25460,26728,36221,37019,27031,29510,26452,26774
2018,Sweden,0,0,0,0,0,0,0,0,0,0,0,0,4443,4990,3912,2094,1474,1987,2522,1447,1457,2207,2105,4027
2018,Denmark,0,0,0,0,0,0,0,0,0,0,0,0,2273,2742,2622,1717,1381,1418,3340,1601,1433,1988,1451,1600
2018,Ireland,0,0,0,0,0,0,0,0,0,0,0,0,1697,1741,1923,1502,1370,1586,2117,1944,1445,1555,1426,1381
2018,Norway,0,0,0,0,0,0,0,0,0,0,0,0,1426,1638,1950,989,780,1201,2314,998,805,1067,964,1070
2018,Singapore,0,0,0,0,0,0,0,0,0,0,0,0,974677,788733,904058,739975,788447,999336,846951,876124,911816,853921,866272,1065676
2018,Indonesia,0,0,0,0,0,0,0,0,0,0,0,0,291830,237462,260258,253795,249033,322832,306074,260896,256766,262194,256986,319563
2018,Thailand,0,0,0,0,0,0,0,0,0,0,0,0,157288,150507,166085,181653,154369,141148,169905,157258,148472,184168,147441,156398
2018,Brunei Darussalam,0,0,0,0,0,0,0,0,0,0,0,0,113191,102707,140798,111035,113471,131344,101354,107331,134492,100186,108822,117300
2018,Philippines,0,0,0,0,0,0,0,0,0,0,0,0,27921,29482,32429,33070,39902,36763,32514,30671,29210,35172,32250,36678
2018,Vietnam,0,0,0,0,0,0,0,0,0,0,0,0,22060,27173,29688,29846,31424,44705,52163,39476,27489,26948,21854,22752
2018,Cambodia,0,0,0,0,0,0,0,0,0,0,0,0,5773,7206,5879,8175,9160,7013,5957,7127,9210,10891,7426,6296
2018,Myanmar,0,0,0,0,0,0,0,0,0,0,0,0,5042,3049,3045,3418,2963,3166,2405,2566,2963,3096,3276,3524
2018,Lao PDR,0,0,0,0,0,0,0,0,0,0,0,0,1714,2001,1965,1785,2028,2339,2425,2187,1966,1920,1694,1758
2018,South Africa,0,0,0,0,0,0,0,0,0,0,0,0,2030,1341,1782,1685,1111,1544,1914,1747,1690,1394,1519,4220
2018,India,0,0,0,0,0,0,0,0,0,0,0,0,45543,42423,45049,53232,69655,51853,44161,43134,42686,57884,51911,52780
2018,Bangladesh,0,0,0,0,0,0,0,0,0,0,0,0,14064,13313,11289,9802,12534,11871,10937,11928,12940,18374,12571,10431
2018,Pakistan,0,0,0,0,0,0,0,0,0,0,0,0,7515,5700,5395,4405,5349,6409,9077,6830,5393,6874,5166,6345
2018,Iran,0,0,0,0,0,0,0,0,0,0,0,0,7372,7779,12835,3374,4079,5454,8424,6637,3475,2356,2741,2568
2018,Sri Lanka,0,0,0,0,0,0,0,0,0,0,0,0,3636,2863,2244,3744,1693,1629,1731,2375,2046,2175,2081,2159
2018,Nepal,0,0,0,0,0,0,0,0,0,0,0,0,2104,1510,1733,2011,1473,1469,1295,1591,1377,2289,1537,1525
2018,Russian Federation,0,0,0,0,0,0,0,0,0,0,0,0,11736,9527,7930,5726,4405,3444,3920,3910,3619,4825,6051,7692
2018,Italy,0,0,0,0,0,0,0,0,0,0,0,0,4683,4032,4026,3263,2865,2920,4757,12059,3479,3469,3094,3408
2018,Spain,0,0,0,0,0,0,0,0,0,0,0,0,2935,2647,3288,2666,2393,2646,5353,8304,3683,3574,2770,2008
2018,Poland,0,0,0,0,0,0,0,0,0,0,0,0,2330,2720,2445,1977,1529,1657,2032,1872,2236,1683,2337,1546
2018,Ukraine,0,0,0,0,0,0,0,0,0,0,0,0,2252,1810,1455,1004,1027,825,825,927,891,1079,1055,1379
2018,USA,0,0,0,0,0,0,0,0,0,0,0,0,21654,21689,22450,19577,19572,23409,25779,20146,17521,21611,19096,20880
2018,Canada,0,0,0,0,0,0,0,0,0,0,0,0,7893,8817,8643,6825,6643,5557,7045,6466,5454,6779,6906,7677
2018,Saudi Arabia,0,0,0,0,0,0,0,0,0,0,0,0,13217,4280,4435,4336,2173,14363,27900,18133,5251,4641,4468,9066
2018,Turkey,0,0,0,0,0,0,0,0,0,0,0,0,1901,1385,1563,1472,938,1128,1310,1719,951,1250,890,899
2018,Iraq,0,0,0,0,0,0,0,0,0,0,0,0,1499,2688,1250,1292,951,1887,2320,3318,2372,1598,1132,1984
2018,UAE,0,0,0,0,0,0,0,0,0,0,0,0,611,414,980,456,176,407,2030,1946,387,376,491,1112
2018,Germany,0,0,0,0,0,0,0,0,0,0,0,0,11505,12326,14281,9597,9182,7836,10839,12741,10070,10704,10272,9542
2018,France,0,0,0,0,0,0,0,0,0,0,0,0,10936,12210,12551,12587,9936,9338,17794,18622,9220,9651,8263,8300
2018,Netherlands,0,0,0,0,0,0,0,0,0,0,0,0,6115,6106,6465,6475,5760,5561,12541,9731,6314,6226,5157,5200
2018,Switzerland,0,0,0,0,0,0,0,0,0,0,0,0,2268,2317,2370,2053,1906,1592,3165,2170,1693,2123,1971,2052
2018,Belgium,0,0,0,0,0,0,0,0,0,0,0,0,1516,1560,1968,1822,1267,1436,2981,2289,1783,1390,1298,1314
2019,Australia,0,0,0,0,0,0,0,0,0,0,0,0,39183,24602,25614,38064,22907,27253,36822,27299,30057,32075,27556,36839
2019,New Zealand,0,0,0,0,0,0,0,0,0,0,0,0,4868,3123,3463,5487,3420,3997,5116,4022,3946,4035,3757,4906
2019,China,0,0,0,0,0,0,0,0,0,0,0,0,273731,295150,272919,252093,242884,222005,307660,310380,237134,268510,250286,181505
2019,Korea (ROK),0,0,0,0,0,0,0,0,0,0,0,0,74964,64366,47497,39966,43894,53265,69225,65245,49658,48241,53496,63248
2019,Chinese Taipei,0,0,0,0,0,0,0,0,0,0,0,0,32424,35330,28046,29691,27521,33185,47554,40002,30520,33128,26364,19151
2019,Japan,0,0,0,0,0,0,0,0,0,0,0,0,32196,34750,37103,34269,28606,29637,35270,51176,38276,35232,33221,34958
2019,Egypt,0,0,0,0,0,0,0,0,0,0,0,0,3100,2229,2073,2690,1175,3056,3105,3358,2625,2093,2077,2250
2019,Kazakhstan,0,0,0,0,0,0,0,0,0,0,0,0,2643,1690,1832,1259,1079,1185,1604,1481,1139,1202,1297,1727
2019,UK,0,0,0,0,0,0,0,0,0,0,0,0,29814,31169,31806,34419,24350,27393,36688,37848,23095,24053,23552,22298
2019,Sweden,0,0,0,0,0,0,0,0,0,0,0,0,4042,3802,3155,2265,1319,1859,2420,1597,1383,1937,2164,3649
2019,Denmark,0,0,0,0,0,0,0,0,0,0,0,0,2354,2554,2052,2031,1173,1272,3109,1484,1359,1777,1563,1586
2019,Ireland,0,0,0,0,0,0,0,0,0,0,0,0,1487,1505,1610,1897,1257,1741,2124,1872,1260,1612,1876,1455
2019,Norway,0,0,0,0,0,0,0,0,0,0,0,0,1354,1404,1322,1381,626,1156,2103,929,868,1108,1176,1158
2019,Singapore,0,0,0,0,0,0,0,0,0,0,0,0,837971,813186,974968,843736,894454,1017251,853531,870657,763001,744314,738951,811862
2019,Indonesia,0,0,0,0,0,0,0,0,0,0,0,0,314855,297666,312395,298641,253068,381239,372318,291572,271022,270118,268805,291578
2019,Thailand,0,0,0,0,0,0,0,0,0,0,0,0,157150,162595,169606,181276,159160,160778,162418,153161,136080,173672,137073,131337
2019,Brunei Darussalam,0,0,0,0,0,0,0,0,0,0,0,0,89833,102571,126620,91213,110876,105999,102136,94514,106027,83926,93551,108857
2019,Philippines,0,0,0,0,0,0,0,0,0,0,0,0,28563,30512,34699,38481,39401,39318,34123,39309,32888,33661,33842,37111
2019,Vietnam,0,0,0,0,0,0,0,0,0,0,0,0,22002,32153,29981,32608,33436,50134,53653,39847,29579,28852,27822,20279
2019,Cambodia,0,0,0,0,0,0,0,0,0,0,0,0,7740,8210,7576,9994,9701,7784,8247,8736,9586,6560,6736,6227
2019,Myanmar,0,0,0,0,0,0,0,0,0,0,0,0,2636,3450,3448,3727,3504,4183,3562,4630,4141,4617,4398,3961
2019,Lao PDR,0,0,0,0,0,0,0,0,0,0,0,0,1836,2510,1904,2050,2166,2547,2868,2825,2253,2154,1953,1889
2019,South Africa,0,0,0,0,0,0,0,0,0,0,0,0,1816,1259,1932,2013,1193,1950,1583,1711,1660,1371,1624,4562
2019,India,0,0,0,0,0,0,0,0,0,0,0,0,53736,51447,52507,57235,80684,58877,51542,63617,69522,76129,71042,48971
2019,Bangladesh,0,0,0,0,0,0,0,0,0,0,0,0,13525,13743,11263,10740,8818,13104,11051,16595,21918,23716,20449,14078
2019,Pakistan,0,0,0,0,0,0,0,0,0,0,0,0,9624,7079,6136,8733,5601,8336,9735,8835,10501,11175,11783,8219
2019,Iran,0,0,0,0,0,0,0,0,0,0,0,0,3112,3455,8042,2481,2138,3063,3359,4623,5404,3938,3579,3365
2019,Nepal,0,0,0,0,0,0,0,0,0,0,0,0,1882,1339,1574,1561,1282,1442,1636,2169,1532,2494,1730,1796
2019,Sri Lanka,0,0,0,0,0,0,0,0,0,0,0,0,1645,3554,1739,2184,1362,1589,2121,2683,2264,2300,2121,2496
2019,Russian Federation,0,0,0,0,0,0,0,0,0,0,0,0,12400,9580,9398,7019,5362,4116,4382,4321,3927,4876,6775,7828
2019,Italy,0,0,0,0,0,0,0,0,0,0,0,0,4258,4156,3903,3841,2753,3180,5077,13827,3537,3350,3230,3598
2019,Poland,0,0,0,0,0,0,0,0,0,0,0,0,2837,2974,2419,2235,1358,1535,2421,2835,2029,1846,2717,1827
2019,Spain,0,0,0,0,0,0,0,0,0,0,0,0,2610,2449,2737,3164,2292,2793,5961,8894,3959,3578,3013,2166
2019,Ukraine,0,0,0,0,0,0,0,0,0,0,0,0,2190,1828,1568,1283,1061,869,1002,971,923,1191,1432,1701
2019,USA,0,0,0,0,0,0,0,0,0,0,0,0,23886,21734,23192,21953,20452,24901,27462,23234,18688,20642,22062,21722
2019,Canada,0,0,0,0,0,0,0,0,0,0,0,0,8622,8346,8966,7711,6786,6140,7658,7449,5495,6226,7201,6968
2019,Saudi Arabia,0,0,0,0,0,0,0,0,0,0,0,0,8173,4400,4865,4784,1982,25994,27461,21158,5674,5328,5392,6233
2019,Turkey,0,0,0,0,0,0,0,0,0,0,0,0,1581,1160,1514,1182,876,1231,1382,1567,1081,1190,1332,1194
2019,Iraq,0,0,0,0,0,0,0,0,0,0,0,0,1530,2201,1690,1446,669,1858,2269,3760,1699,1355,1287,1657
2019,UAE,0,0,0,0,0,0,0,0,0,0,0,0,653,403,919,931,107,622,2589,2552,432,404,536,1026
2019,Germany,0,0,0,0,0,0,0,0,0,0,0,0,12146,12932,14143,11988,9006,8877,12155,13299,9537,8560,9381,8197
2019,France,0,0,0,0,0,0,0,0,0,0,0,0,10744,12340,12300,13022,9436,9875,18726,19541,8939,10247,8248,8243
2019,Netherlands,0,0,0,0,0,0,0,0,0,0,0,0,5806,5729,5951,6892,5148,5455,13882,10217,6033,5993,5612,5392
2019,Switzerland,0,0,0,0,0,0,0,0,0,0,0,0,2434,2332,2088,2323,1679,1763,3393,2259,1736,1972,1857,1823
2019,Belgium,0,0,0,0,0,0,0,0,0,0,0,0,1434,1485,1744,2061,1241,1657,3788,2448,1932,1563,1433,1296
2020,Australia,0,0,0,0,0,0,0,0,0,0,0,0,45089,19330,7628,9,25,22,53,69,144,78,148,85
2020,New Zealand,0,0,0,0,0,0,0,0,0,0,0,0,5190,2401,1002,2,3,10,15,101,21,14,18,17
2020,China,0,0,0,0,0,0,0,0,0,0,0,0,300934,70137,29996,72,18,128,396,407,967,706,869,519
2020,Korea (ROK),0,0,0,0,0,0,0,0,0,0,0,0,84734,30679,3158,3,0,20,162,263,345,174,107,105
2020,Chinese Taipei,0,0,0,0,0,0,0,0,0,0,0,0,36524,19863,3363,2,2,9,33,43,96,67,52,36
2020,Japan,0,0,0,0,0,0,0,0,0,0,0,0,32263,32963,7928,11,8,28,140,186,364,181,158,153
2020,Egypt,0,0,0,0,0,0,0,0,0,0,0,0,2755,2664,613,8,13,1,20,22,43,26,12,27
2020,Kazakhstan,0,0,0,0,0,0,0,0,0,0,0,0,3257,1944,814,0,0,0,15,18,10,2,3,2
2020,UK,0,0,0,0,0,0,0,0,0,0,0,0,26670,25042,11235,19,23,61,115,123,264,81,123,112
2020,Sweden,0,0,0,0,0,0,0,0,0,0,0,0,4357,3692,1166,2,0,0,17,1,11,15,13,18
2020,Denmark,0,0,0,0,0,0,0,0,0,0,0,0,2398,2818,770,0,0,1,6,14,11,17,18,8
2020,Ireland,0,0,0,0,0,0,0,0,0,0,0,0,1733,1369,570,2,3,4,9,7,10,9,13,6
2020,Norway,0,0,0,0,0,0,0,0,0,0,0,0,1490,1584,443,0,1,4,2,10,3,5,7,3
2020,Singapore,0,0,0,0,0,0,0,0,0,0,0,0,737477,494638,309476,69,55,105,257,381,1169,709,574,345
2020,Indonesia,0,0,0,0,0,0,0,0,0,0,0,0,332890,256212,112040,287,171,482,5975,744,1317,462,552,591
2020,Thailand,0,0,0,0,0,0,0,0,0,0,0,0,138852,126191,66374,6815,4786,5115,7369,7950,8623,7395,7605,7338
2020,Brunei Darussalam,0,0,0,0,0,0,0,0,0,0,0,0,69885,45998,19529,32,39,110,59,44,152,58,48,66
2020,Philippines,0,0,0,0,0,0,0,0,0,0,0,0,31095,22474,10688,7,12,35,790,112,388,223,109,118
2020,Vietnam,0,0,0,0,0,0,0,0,0,0,0,0,29779,25454,8134,15,49,2,330,100,106,48,119,48
2020,Cambodia,0,0,0,0,0,0,0,0,0,0,0,0,7713,6600,2064,7,2,14,122,1,7,6,4,8
2020,Myanmar,0,0,0,0,0,0,0,0,0,0,0,0,4695,3091,1601,12,9,32,32,16,35,41,100,81
2020,Lao PDR,0,0,0,0,0,0,0,0,0,0,0,0,2087,2465,857,2,4,0,4,1,0,0,2,2
2020,South Africa,0,0,0,0,0,0,0,0,0,0,0,0,2144,1105,549,0,1,8,12,8,19,10,5,15
2020,India,0,0,0,0,0,0,0,0,0,0,0,0,76516,59488,17723,51,37,58,956,242,377,166,110,159
2020,Bangladesh,0,0,0,0,0,0,0,0,0,0,0,0,9342,6026,1841,0,10,36,67,94,91,35,49,43
2020,Pakistan,0,0,0,0,0,0,0,0,0,0,0,0,7264,7541,2214,13,34,108,272,94,55,40,51,91
2020,Sri Lanka,0,0,0,0,0,0,0,0,0,0,0,0,3761,3010,1240,4,1,6,7,22,49,14,14,14
2020,Iran,0,0,0,0,0,0,0,0,0,0,0,0,3566,2941,485,0,1,3,9,13,24,17,9,10
2020,Nepal,0,0,0,0,0,0,0,0,0,0,0,0,2427,1537,630,0,0,3,300,5,30,28,56,51
2020,Russian Federation,0,0,0,0,0,0,0,0,0,0,0,0,12261,11018,5085,2,3,17,171,35,46,9,29,18
2020,Italy,0,0,0,0,0,0,0,0,0,0,0,0,4415,3643,837,1,0,1,16,8,20,18,6,6
2020,Poland,0,0,0,0,0,0,0,0,0,0,0,0,3436,3053,962,0,6,3,16,12,26,12,7,6
2020,Spain,0,0,0,0,0,0,0,0,0,0,0,0,2652,2480,1185,0,0,2,10,6,15,3,5,9
2020,Ukraine,0,0,0,0,0,0,0,0,0,0,0,0,2509,2359,995,0,11,9,218,41,99,38,14,33
2020,USA,0,0,0,0,0,0,0,0,0,0,0,0,26294,16012,5902,22,12,35,70,79,176,61,61,86
2020,Canada,0,0,0,0,0,0,0,0,0,0,0,0,8050,6070,2285,1,10,11,19,28,68,29,37,23
2020,Saudi Arabia,0,0,0,0,0,0,0,0,0,0,0,0,18953,3416,871,0,0,6,8,9,57,42,15,13
2020,Iraq,0,0,0,0,0,0,0,0,0,0,0,0,1649,1409,503,0,0,7,8,10,23,8,8,3
2020,Turkey,0,0,0,0,0,0,0,0,0,0,0,0,1519,1125,405,0,11,8,33,7,25,7,9,3
2020,UAE,0,0,0,0,0,0,0,0,0,0,0,0,371,234,45,2,0,2,1,8,4,3,0,9
2020,France,0,0,0,0,0,0,0,0,0,0,0,0,10397,12563,5057,3,5,16,20,35,68,25,23,25
2020,Germany,0,0,0,0,0,0,0,0,0,0,0,0,10278,11193,5739,4,4,7,44,30,72,44,22,21
2020,Netherlands,0,0,0,0,0,0,0,0,0,0,0,0,6064,5553,2647,40,14,13,24,19,33,38,24,17
2020,Switzerland,0,0,0,0,0,0,0,0,0,0,0,0,2134,2121,930,1,1,3,10,6,17,22,14,4
2020,Belgium,0,0,0,0,0,0,0,0,0,0,0,0,1502,1495,686,7,1,0,7,2,18,4,4,8
2021,Australia,0,0,0,0,0,0,0,0,0,0,0,0,84,61,55,70,48,44,60,74,62,82,181,500
2021,New Zealand,0,0,0,0,0,0,0,0,0,0,0,0,20,10,9,17,5,9,11,13,8,10,14,70
2021,China,0,0,0,0,0,0,0,0,0,0,0,0,573,413,871,842,680,407,467,418,505,638,627,1260
2021,Japan,0,0,0,0,0,0,0,0,0,0,0,0,122,128,206,296,231,118,123,210,261,406,404,609
2021,Korea (ROK),0,0,0,0,0,0,0,0,0,0,0,0,107,109,188,178,135,96,125,238,248,372,354,878
2021,Chinese Taipei,0,0,0,0,0,0,0,0,0,0,0,0,58,26,64,48,33,16,28,32,21,37,63,137
2021,Egypt,0,0,0,0,0,0,0,0,0,0,0,0,22,38,46,52,37,21,27,38,39,93,127,112
2021,Kazakhstan,0,0,0,0,0,0,0,0,0,0,0,0,6,19,7,12,10,7,4,17,20,14,12,13
2021,UK,0,0,0,0,0,0,0,0,0,0,0,0,124,133,138,139,120,79,160,253,178,215,299,838
2021,Denmark,0,0,0,0,0,0,0,0,0,0,0,0,16,10,15,21,8,8,5,15,24,23,27,42
2021,Sweden,0,0,0,0,0,0,0,0,0,0,0,0,16,15,16,24,23,9,12,15,29,21,19,54
2021,Norway,0,0,0,0,0,0,0,0,0,0,0,0,14,2,8,5,9,6,11,8,5,6,18,44
2021,Ireland,0,0,0,0,0,0,0,0,0,0,0,0,6,2,8,8,10,3,13,10,6,7,20,44
2021,Thailand,0,0,0,0,0,0,0,0,0,0,0,0,4209,3821,4465,4773,5612,4246,3321,4382,4596,5112,6756,8314
2021,Indonesia,0,0,0,0,0,0,0,0,0,0,0,0,673,720,1109,909,633,427,486,464,638,933,1539,2494
2021,Singapore,0,0,0,0,0,0,0,0,0,0,0,0,332,285,349,324,193,108,143,147,154,300,935,13038
2021,Philippines,0,0,0,0,0,0,0,0,0,0,0,0,213,198,192,215,215,84,163,120,141,144,195,437
2021,Myanmar,0,0,0,0,0,0,0,0,0,0,0,0,89,55,15,19,14,17,16,7,24,22,21,78
2021,Vietnam,0,0,0,0,0,0,0,0,0,0,0,0,45,18,42,50,49,26,20,17,26,63,64,163
2021,Brunei Darussalam,0,0,0,0,0,0,0,0,0,0,0,0,34,50,101,75,80,52,72,66,59,27,65,92
2021,Cambodia,0,0,0,0,0,0,0,0,0,0,0,0,8,2,9,3,6,7,64,40,2,29,36,44
2021,Lao PDR,0,0,0,0,0,0,0,0,0,0,0,0,3,1,2,45,72,26,96,169,1,1,1,8
2021,South Africa,0,0,0,0,0,0,0,0,0,0,0,0,9,19,30,17,6,4,11,8,7,20,25,12
2021,India,0,0,0,0,0,0,0,0,0,0,0,0,208,311,399,354,19,21,24,30,77,310,653,1510
2021,Pakistan,0,0,0,0,0,0,0,0,0,0,0,0,135,190,114,79,20,15,4,16,16,95,297,1062
2021,Bangladesh,0,0,0,0,0,0,0,0,0,0,0,0,67,91,61,71,18,4,8,8,26,76,208,871
2021,Nepal,0,0,0,0,0,0,0,0,0,0,0,0,28,7,16,32,4,1,1,0,2,11,18,78
2021,Sri Lanka,0,0,0,0,0,0,0,0,0,0,0,0,27,53,35,39,26,3,8,3,1,36,64,90
2021,Iran,0,0,0,0,0,0,0,0,0,0,0,0,22,14,26,28,17,5,6,13,24,43,55,61
2021,Ukraine,0,0,0,0,0,0,0,0,0,0,0,0,35,33,35,31,24,19,13,36,14,27,12,19
2021,Italy,0,0,0,0,0,0,0,0,0,0,0,0,14,17,8,24,19,12,11,32,43,28,40,52
2021,Russian Federation,0,0,0,0,0,0,0,0,0,0,0,0,13,34,25,52,9,41,26,45,40,27,36,51
2021,Poland,0,0,0,0,0,0,0,0,0,0,0,0,6,17,10,11,20,9,12,17,21,8,16,14
2021,Spain,0,0,0,0,0,0,0,0,0,0,0,0,5,9,6,5,7,4,15,29,14,10,22,21
2021,USA,0,0,0,0,0,0,0,0,0,0,0,0,110,69,88,103,111,93,207,130,142,177,260,540
2021,Canada,0,0,0,0,0,0,0,0,0,0,0,0,45,24,21,14,16,16,22,43,40,42,65,123
2021,Saudi Arabia,0,0,0,0,0,0,0,0,0,0,0,0,33,27,39,39,28,30,41,82,85,83,85,115
2021,UAE,0,0,0,0,0,0,0,0,0,0,0,0,8,2,1,1,8,0,1,1,45,1,1,17
2021,Turkey,0,0,0,0,0,0,0,0,0,0,0,0,7,23,20,14,5,18,25,34,25,47,28,40
2021,Iraq,0,0,0,0,0,0,0,0,0,0,0,0,6,20,27,12,14,14,8,9,34,51,73,184
2021,France,0,0,0,0,0,0,0,0,0,0,0,0,46,26,42,42,30,20,38,121,82,86,79,231
2021,Germany,0,0,0,0,0,0,0,0,0,0,0,0,41,36,48,54,30,20,32,64,64,70,107,258
2021,Netherlands,0,0,0,0,0,0,0,0,0,0,0,0,28,22,25,30,17,16,27,30,46,51,66,108
2021,Belgium,0,0,0,0,0,0,0,0,0,0,0,0,12,3,5,6,3,3,8,5,12,8,14,43
2021,Switzerland,0,0,0,0,0,0,0,0,0,0,0,0,10,7,13,12,7,7,3,10,13,25,24,66
